region,date,cpi_inflation,unemployment_rate,hpi_nominal_growth,vacancy_rate
CAN_AB,1998-01-01,-0.00037735849056597104,0.05333333333333333,0.022382094324540525,
CAN_AB,1998-04-01,0.009815024537561445,0.05333333333333333,0.01485535574667729,
CAN_AB,1998-07-01,0.004859813084112208,0.05600000000000001,0.014637904468412843,
CAN_AB,1998-10-01,-0.000372023809523947,0.06066666666666667,0.006074411541381997,
CAN_AB,1999-01-01,0.004465947152958671,0.05833333333333333,0.012830188679245236,
CAN_AB,1999-04-01,0.009633197480548361,0.05733333333333333,0.006706408345752646,
CAN_AB,1999-07-01,0.01321100917431206,0.05733333333333333,0.009622501850481191,
CAN_AB,1999-10-01,0.005795001810937839,0.05366666666666667,0.007331378299120228,
CAN_AB,2000-01-01,0.0010803024846957054,0.05,0.00509461426491975,
CAN_AB,2000-04-01,0.012589928057553879,0.04866666666666667,0.003620564808110016,
CAN_AB,2000-07-01,0.01740674955595023,0.051000000000000004,0.003607503607503615,
CAN_AB,2000-10-01,0.007681564245810124,0.048999999999999995,0.004313443565779895,
CAN_AB,2001-01-01,-0.013513513513513598,0.049666666666666665,0.0035790980672869566,
CAN_AB,2001-04-01,0.034070951879171085,0.04733333333333333,0.006419400855920188,
CAN_AB,2001-07-01,-0.00033967391304334793,0.044,0.012048192771084487,
CAN_AB,2001-10-01,-0.025823989126741442,0.048,0.008403361344537785,
CAN_AB,2002-01-01,0.016393442622950616,0.052333333333333336,0.015972222222222276,
CAN_AB,2002-04-01,0.02367879203843537,0.05733333333333333,0.021872863978127155,
CAN_AB,2002-07-01,0.010392222594703071,0.053,0.014715719063544963,
CAN_AB,2002-10-01,0.024552090245520963,0.051666666666666666,0.012524719841793042,
CAN_AB,2003-01-01,0.011010362694300335,0.05366666666666667,0.01432291666666674,
CAN_AB,2003-04-01,0.005124919923126248,0.055,0.00898587933247752,
CAN_AB,2003-07-01,-0.0015933715742512122,0.048666666666666664,0.008905852417302906,
CAN_AB,2003-10-01,0.0009575486753909956,0.047,0.021437578814627933,
CAN_AB,2004-01-01,0.0015943877551019003,0.04933333333333333,0.00987654320987641,
CAN_AB,2004-04-01,0.013689907672715496,0.04366666666666666,0.012836185819070867,
CAN_AB,2004-07-01,0.001570351758793942,0.045,0.01146650573325303,
CAN_AB,2004-10-01,0.0006271558482284778,0.04566666666666666,0.009546539379474916,
CAN_AB,2005-01-01,0.00031338138514547254,0.04033333333333333,0.008274231678486954,
CAN_AB,2005-04-01,0.011278195488721998,0.03833333333333334,0.017584994138335253,
CAN_AB,2005-07-01,0.014250309789343163,0.037,0.02188940092165903,
CAN_AB,2005-10-01,0.002748930971289143,0.04166666666666667,0.06989853438556937,
CAN_AB,2006-01-01,0.006396588486140553,0.034666666666666665,0.08166491043203372,
CAN_AB,2006-04-01,0.015133171912832921,0.035,0.14223088163662934,
CAN_AB,2006-07-01,0.017889087656529412,0.037,0.13646055437100202,
CAN_AB,2006-10-01,-0.0014645577035735657,0.034333333333333334,0.04015009380863033,
CAN_AB,2007-01-01,0.015253740099736124,0.03733333333333333,0.02308802308802327,
CAN_AB,2007-04-01,0.02311470673215843,0.03766666666666667,0.049717912552891264,
CAN_AB,2007-07-01,0.010449025698954895,0.035333333333333335,0.04467584816929793,
CAN_AB,2007-10-01,-0.003353828954723248,0.03666666666666667,0.004180064308681786,
CAN_AB,2008-01-01,0.0028042624789679227,0.038000000000000006,-0.003842459173871382,
CAN_AB,2008-04-01,0.027684563758389347,0.035333333333333335,-0.020893603342976408,
CAN_AB,2008-07-01,0.00734693877551007,0.03933333333333334,-0.011490479317137314,
CAN_AB,2008-10-01,-0.015937331172339197,0.042,-0.017602125539687763,
CAN_AB,2009-01-01,-0.004666483667307153,0.05600000000000001,-0.04800540906017581,
CAN_AB,2009-04-01,0.003309431880860414,0.06833333333333333,-0.02734375000000011,
CAN_AB,2009-07-01,0.0032985156679494754,0.07200000000000001,0.0003650967506390046,
CAN_AB,2009-10-01,0.0030136986301370072,0.07433333333333333,0.003284671532846728,
CAN_AB,2010-01-01,0.0027314941272875704,0.06933333333333333,0.0065478355765733465,
CAN_AB,2010-04-01,0.0016344320348677943,0.067,0.004336826888326595,
CAN_AB,2010-07-01,0.0024476475387544827,0.063,0.0,
CAN_AB,2010-10-01,0.0,0.06033333333333334,-0.0017992083483268084,
CAN_AB,2011-01-01,0.009766684753119925,0.057999999999999996,0.0036049026676281404,
CAN_AB,2011-04-01,0.01397098334228919,0.05666666666666667,0.0010775862068965747,
CAN_AB,2011-07-01,0.0015898251192369983,0.05599999999999999,-0.0017940437746679638,
CAN_AB,2011-10-01,0.006084656084656137,0.050333333333333334,0.0035945363048166534,
CAN_AB,2012-01-01,-1.1102230246251565e-16,0.051000000000000004,0.002865329512893977,
CAN_AB,2012-04-01,0.0005259006047857451,0.04733333333333333,0.0060714285714285054,
CAN_AB,2012-07-01,0.004467805519053902,0.04533333333333333,0.00390486332978357,
CAN_AB,2012-10-01,-0.0010465724751438366,0.04733333333333333,0.004596888260254728,
CAN_AB,2013-01-01,0.0013095861707701495,0.047,0.008095740936289841,
CAN_AB,2013-04-01,0.014909756735548063,0.04633333333333334,0.009776536312849249,
CAN_AB,2013-07-01,0.0012886597938144284,0.046000000000000006,0.008298755186722184,
CAN_AB,2013-10-01,-0.001544401544401719,0.048,0.0030864197530864335,
CAN_AB,2014-01-01,0.015210105697344822,0.04833333333333333,0.011965811965811923,
CAN_AB,2014-04-01,0.008887760284408186,0.04933333333333333,0.0108108108108107,
CAN_AB,2014-07-01,0.003020387616410769,0.04633333333333333,0.007352941176470562,
CAN_AB,2014-10-01,-0.004265997490589868,0.048999999999999995,0.00497677504976779,
CAN_AB,2015-01-01,-0.002016129032257896,0.052333333333333336,-0.00033014196104308446,0.037000000000000005
CAN_AB,2015-04-01,0.013131313131313105,0.06066666666666667,-0.0033025099075300046,0.035
CAN_AB,2015-07-01,0.007477567298105781,0.062,-0.0009940357852881165,0.032
CAN_AB,2015-10-01,-0.0022266204849085147,0.06766666666666667,0.0019900497512437276,0.025
CAN_AB,2016-01-01,-0.001983635011157836,0.07533333333333334,-0.0019860973187686426,0.02
CAN_AB,2016-04-01,0.011180124223602483,0.08033333333333333,-0.0019900497512438386,0.022000000000000002
CAN_AB,2016-07-01,-0.0004914004914005066,0.086,-0.003323363243602606,0.023
CAN_AB,2016-10-01,-0.0027040314650932373,0.08633333333333333,-0.0013337779259752214,0.022000000000000002
CAN_AB,2017-01-01,0.011831402514173028,0.08433333333333332,0.0016694490818029983,0.022000000000000002
CAN_AB,2017-04-01,0.0024360535931788885,0.08133333333333333,-0.002666666666666706,0.026000000000000002
CAN_AB,2017-07-01,-0.0002430133657350675,0.07966666666666666,0.003676470588235059,0.027000000000000003
CAN_AB,2017-10-01,0.005347593582887722,0.07433333333333333,0.00033300033300043275,0.026000000000000002
CAN_AB,2018-01-01,0.011847195357833629,0.06466666666666666,-0.0029960053262316766,0.026000000000000002
CAN_AB,2018-04-01,0.008363201911588902,0.06533333333333334,-0.0016694490818028873,0.03
CAN_AB,2018-07-01,0.005924170616113722,0.06833333333333333,-0.0010033444816053283,0.028999999999999998
CAN_AB,2018-10-01,-0.004475853945818509,0.065,-0.0023434884499499153,0.027000000000000003
CAN_AB,2019-01-01,0.007098911500236671,0.06933333333333333,-0.0013422818791946067,0.025
CAN_AB,2019-04-01,0.011278195488721776,0.06633333333333333,-0.00739247311827973,0.03
CAN_AB,2019-07-01,-0.0011617100371748013,0.071,-0.008124576844955822,0.026000000000000002
CAN_AB,2019-10-01,0.0023261223540358422,0.06966666666666665,-0.004436860068259385,0.022000000000000002
CAN_AB,2020-01-01,0.007890461824089146,0.07833333333333332,0.001028453890983938,0.024
CAN_AB,2020-04-01,-0.005065622841353812,0.146,-0.001712328767123239,
CAN_AB,2020-07-01,0.004628558204119448,0.12466666666666666,-0.0034305317324185847,
CAN_AB,2020-10-01,0.0029947016816400662,0.11133333333333333,0.008261617900171991,0.024
CAN_AB,2021-01-01,0.008497932935232155,0.09799999999999999,0.011608057357459955,0.027999999999999997
CAN_AB,2021-04-01,0.013892051924390802,0.08700000000000001,0.05062436719541008,0.037000000000000005
CAN_AB,2021-07-01,0.015498652291105142,0.08066666666666666,0.026341150016061743,0.044000000000000004
CAN_AB,2021-10-01,0.005972130059721081,0.07366666666666667,0.0003129890453834605,0.043
CAN_AB,2022-01-01,0.01978891820580464,0.066,0.05225281602002507,0.044000000000000004
CAN_AB,2022-04-01,0.02975420439844778,0.05733333333333333,0.05084745762711851,0.053
CAN_AB,2022-07-01,0.008165829145728498,0.053,0.002263723825693287,0.05
CAN_AB,2022-10-01,0.005607476635514086,0.056333333333333326,-0.004517221908526103,0.044000000000000004
CAN_AB,2023-01-01,-0.003923998347790336,0.06033333333333334,-0.003686897334089667,0.042
CAN_AB,2023-04-01,0.02052664316815278,0.05833333333333333,0.001423284941645342,0.045
CAN_AB,2023-07-01,0.013409183258837887,0.05566666666666666,0.0051165434906197405,0.042
CAN_AB,2023-10-01,-0.004811547714514863,0.061000000000000006,-0.0008484162895928682,
CAN_AB,2024-01-01,0.00725221595487513,0.064,0.004245683555052393,
CAN_AB,2024-04-01,0.01419999999999999,0.07266666666666667,0.018883878241262586,
CAN_AB,2024-07-01,0.005324393610727451,0.07266666666666667,0.013001383125864407,
CAN_AB,2024-10-01,0.0003923107100824996,0.07266666666666667,0.0008192244675042648,
CAN_BC,1998-01-01,0.0007168458781361409,0.094,-0.011968633924886563,
CAN_BC,1998-04-01,0.0046561604584527405,0.09266666666666667,-0.01670843776106945,
CAN_BC,1998-07-01,0.0007130124777183777,0.08533333333333333,-0.009770603228546948,
CAN_BC,1998-10-01,-0.002850017812611294,0.08033333333333333,-0.01501501501501512,
CAN_BC,1999-01-01,0.00107181136120027,0.084,-0.014372822299651533,
CAN_BC,1999-04-01,0.010349750178444195,0.08666666666666666,-0.003977021652673551,
CAN_BC,1999-07-01,0.007064641469445521,0.081,-0.004880212954747054,
CAN_BC,1999-10-01,-0.003507541213609411,0.077,-0.004904146232723949,
CAN_BC,2000-01-01,0.0007039774727208847,0.07166666666666667,-0.0017921146953405742,
CAN_BC,2000-04-01,0.009848751319029292,0.069,-0.0026929982046679513,
CAN_BC,2000-07-01,0.0125391849529779,0.074,-0.0022502250225021614,
CAN_BC,2000-10-01,0.002063983488132193,0.07233333333333333,-0.0013531799729364913,
CAN_BC,2001-01-01,-0.008582217645039525,0.07166666666666667,0.0004516711833784104,
CAN_BC,2001-04-01,0.01939058171745156,0.07133333333333333,0.004514672686230403,
CAN_BC,2001-07-01,0.006114130434782705,0.07833333333333332,0.008539325842696455,
CAN_BC,2001-10-01,-0.010128291694800784,0.08900000000000001,0.007575757575757791,
CAN_BC,2002-01-01,0.0064802182810368425,0.09033333333333333,0.005307386112339607,
CAN_BC,2002-04-01,0.017621145374449254,0.08933333333333333,0.008358996920369455,
CAN_BC,2002-07-01,0.005994005994006013,0.079,0.0021815008726004947,
CAN_BC,2002-10-01,0.0009930486593843213,0.085,0.007836308228123645,
CAN_BC,2003-01-01,0.00793650793650813,0.08,0.00993520518358526,
CAN_BC,2003-04-01,0.0045931758530182165,0.081,0.014542343883661157,
CAN_BC,2003-07-01,0.004898758981058071,0.08533333333333333,0.007166947723440176,
CAN_BC,2003-10-01,-0.0006499837504062578,0.07566666666666666,0.010046044370029428,
CAN_BC,2004-01-01,0.0035772357723578008,0.07599999999999998,0.019063406547865647,
CAN_BC,2004-04-01,0.015878159429682404,0.075,0.015046766978446424,
CAN_BC,2004-07-01,0.0022328548644339197,0.06866666666666667,0.010416666666666519,
CAN_BC,2004-10-01,0.0012730744748568057,0.06533333333333334,0.007533703409992043,
CAN_BC,2005-01-01,0.0015893197711380758,0.06733333333333333,0.005509641873278293,
CAN_BC,2005-04-01,0.011424944462075315,0.06,0.02426614481408995,
CAN_BC,2005-07-01,0.006275494195167708,0.056333333333333326,0.014138326327856277,
CAN_BC,2005-10-01,0.000623635796694666,0.048999999999999995,0.006028636021100375,
CAN_BC,2006-01-01,-0.0012464942349641461,0.04833333333333333,0.01872659176029967,
CAN_BC,2006-04-01,0.014664586583463368,0.046000000000000006,0.01580882352941182,
CAN_BC,2006-07-01,0.0030750307503075724,0.049666666666666665,0.023525153818313216,
CAN_BC,2006-10-01,-0.0012262415695891704,0.051000000000000004,0.01555869872701554,
CAN_BC,2007-01-01,0.0055248618784529135,0.044333333333333336,0.0031337047353761083,
CAN_BC,2007-04-01,0.00946275946275943,0.04333333333333333,0.0312391530718501,
CAN_BC,2007-07-01,0.002116722104626323,0.04366666666666666,0.014473241332884301,
CAN_BC,2007-10-01,-0.0036210018105008457,0.043,0.008294625082946316,
CAN_BC,2008-01-01,0.0024227740763174133,0.045,0.0046067785455741195,
CAN_BC,2008-04-01,0.021752265861027187,0.04633333333333334,0.0022928267278086167,
CAN_BC,2008-07-01,0.012123004139562354,0.04566666666666666,-0.0016339869281045694,
CAN_BC,2008-10-01,-0.016944200993280756,0.05433333333333334,-0.022585924713584116,
CAN_BC,2009-01-01,-0.0035661218424963836,0.07166666666666667,-0.036168787675820546,
CAN_BC,2009-04-01,0.00745600954369241,0.08133333333333333,-0.028144544822793605,
CAN_BC,2009-07-01,0.00029603315571336,0.07766666666666666,0.007508044333214281,
CAN_BC,2009-10-01,-0.004439183190293017,0.08166666666666667,0.018452803406671325,
CAN_BC,2010-01-01,0.0047562425683711496,0.07933333333333334,0.013937282229965042,
CAN_BC,2010-04-01,0.006508875739644759,0.07666666666666667,0.009278350515463885,
CAN_BC,2010-07-01,0.009994121105232345,0.077,-0.008512087163772497,
CAN_BC,2010-10-01,0.0020372526193246365,0.07866666666666668,-0.004464285714285698,
CAN_BC,2011-01-01,0.005227998838222447,0.08333333333333334,0.00034494653328742686,
CAN_BC,2011-04-01,0.010979485697775182,0.077,0.0037931034482758808,
CAN_BC,2011-07-01,0.002572163475278666,0.075,-0.001717622810030961,
CAN_BC,2011-10-01,0.0017103762827821445,0.07,-0.005505849965588561,
CAN_BC,2012-01-01,0.001422879908935748,0.07066666666666667,-0.0017301038062282892,
CAN_BC,2012-04-01,0.008809320829781253,0.07,-0.001386481802426287,
CAN_BC,2012-07-01,-0.002535211267605475,0.07,-0.0003471017007984356,
CAN_BC,2012-10-01,-0.004236091499576378,0.06733333333333333,-0.002777777777777768,
CAN_BC,2013-01-01,0.003686897334089334,0.06733333333333333,-0.004526462395543218,
CAN_BC,2013-04-01,-0.0033907883582932064,0.06633333333333333,-0.0020986358866735833,
CAN_BC,2013-07-01,0.003685851998865841,0.06633333333333333,-0.002103049421661618,
CAN_BC,2013-10-01,-0.005367231638418013,0.06833333333333333,-0.004566210045662156,
CAN_BC,2014-01-01,0.004544163589889072,0.06433333333333334,-0.0021171489061395654,
CAN_BC,2014-04-01,0.013570822731128196,0.06466666666666666,-0.005657708628005631,
CAN_BC,2014-07-01,0.0005578800557879404,0.06333333333333332,-0.001066856330014354,
CAN_BC,2014-10-01,-0.007805965988291086,0.057,0.0024919900320399258,
CAN_BC,2015-01-01,0.002247822422028589,0.05866666666666667,-0.0028409090909093937,0.034
CAN_BC,2015-04-01,0.011774600504625754,0.06133333333333333,0.007122507122507393,0.034
CAN_BC,2015-07-01,0.0052646162371847716,0.06266666666666666,0.00601131541725608,0.035
CAN_BC,2015-10-01,-0.002756339581036382,0.06333333333333332,0.008787346221441172,0.028999999999999998
CAN_BC,2016-01-01,0.004145936981757803,0.06533333333333334,0.013240418118466879,0.03
CAN_BC,2016-04-01,0.0118359482521333,0.057666666666666665,0.016850068775790872,0.034
CAN_BC,2016-07-01,0.006256800870511281,0.05833333333333333,0.012512681772066214,0.036000000000000004
CAN_BC,2016-10-01,-0.0037848067045147538,0.062,0.0030060120240482657,0.034
CAN_BC,2017-01-01,0.007598371777476354,0.05533333333333334,0.0003330003330002107,0.032
CAN_BC,2017-04-01,0.008887691893347816,0.05333333333333333,0.030625832223701854,0.04
CAN_BC,2017-07-01,0.0069407367859049,0.051666666666666666,0.0348837209302324,0.042
CAN_BC,2017-10-01,-0.0013255567338282814,0.051666666666666666,0.008114856429463302,0.04
CAN_BC,2018-01-01,0.010087602867002943,0.04933333333333333,0.001547987616099089,0.042
CAN_BC,2018-04-01,0.01103810775295666,0.048999999999999995,0.0009273570324574987,0.047
CAN_BC,2018-07-01,0.009097998440343202,0.04466666666666666,-0.0003088326127239638,0.048
CAN_BC,2018-10-01,-0.0023183925811438577,0.04466666666666667,-0.0006178560395427857,0.045
CAN_BC,2019-01-01,0.005938548928479337,0.047,-0.0034003091190109025,0.044000000000000004
CAN_BC,2019-04-01,0.013603696098562601,0.047,-0.004652605459057102,0.046
CAN_BC,2019-07-01,0.004304887313244077,0.048999999999999995,-0.006544094733561767,0.045
CAN_BC,2019-10-01,-0.0022692889561272134,0.05,-0.006273525721455342,0.038
CAN_BC,2020-01-01,0.004043467273186829,0.06,0.0028409090909089496,0.04
CAN_BC,2020-04-01,-0.005033979360684726,0.129,0.004091910607491478,
CAN_BC,2020-07-01,0.0055653933721224735,0.1,0.020376175548589393,
CAN_BC,2020-10-01,0.0037735849056603765,0.07866666666666666,0.02980030721966198,0.042
CAN_BC,2021-01-01,0.009022556390977599,0.07366666666666667,0.031622911694510814,0.045
CAN_BC,2021-04-01,0.008693492300049677,0.06899999999999999,0.037015615962984416,0.054000000000000006
CAN_BC,2021-07-01,0.011819748830337318,0.06366666666666668,0.012269938650306678,0.067
CAN_BC,2021-10-01,0.007544414699440338,0.05466666666666666,0.023140495867768562,0.061
CAN_BC,2022-01-01,0.021256038647343045,0.05,0.025578890683898736,0.061
CAN_BC,2022-04-01,0.0331125827814569,0.04666666666666667,0.008138619060120922,0.068
CAN_BC,2022-07-01,0.012820512820512775,0.04533333333333333,0.005468749999999911,0.062
CAN_BC,2022-10-01,0.0031645569620251113,0.044,-0.007770007770007692,0.052000000000000005
CAN_BC,2023-01-01,0.006985128436232779,0.048,-0.006264682850430803,0.049
CAN_BC,2023-04-01,0.013649586037144834,0.052000000000000005,0.001576044129235843,0.052000000000000005
CAN_BC,2023-07-01,0.009713024282560712,0.05366666666666667,0.003409388932599011,0.046
CAN_BC,2023-10-01,0.00021862702229991093,0.05433333333333334,-0.001568217459487875,
CAN_BC,2024-01-01,0.004153005464480719,0.05366666666666667,-0.0013089005235601414,
CAN_BC,2024-04-01,0.013495864170657512,0.05333333333333333,0.0031454783748361415,
CAN_BC,2024-07-01,0.0060137457044671105,0.057666666666666665,-0.0013065064018814576,
CAN_BC,2024-10-01,0.000426985482493647,0.05866666666666667,-0.006279434850863463,
CAN_MB,1998-01-01,0.002569750367107382,0.055,0.0015396458814476155,
CAN_MB,1998-04-01,0.00695715854998169,0.05600000000000001,0.001537279016141424,
CAN_MB,1998-07-01,0.003272727272727094,0.05399999999999999,0.0015349194167304514,
CAN_MB,1998-10-01,0.0054367524465386285,0.057,0.0015325670498083088,
CAN_MB,1999-01-01,0.0007209805335257613,0.05533333333333334,0.0007651109410866663,
CAN_MB,1999-04-01,0.009365994236310904,0.056333333333333326,0.002293577981651307,
CAN_MB,1999-07-01,0.007494646680942463,0.05866666666666667,0.016781083142639375,
CAN_MB,1999-10-01,0.0038965639390717843,0.05400000000000001,0.011252813203300738,
CAN_MB,2000-01-01,0.004940014114326319,0.05333333333333333,0.0014836795252224366,
CAN_MB,2000-04-01,0.005266853932584192,0.04666666666666667,0.0051851851851849595,
CAN_MB,2000-07-01,0.010129235068110143,0.04833333333333333,0.010316875460575137,
CAN_MB,2000-10-01,0.005186721991701226,0.048666666666666664,0.0014587892049597873,
CAN_MB,2001-01-01,0.007223942208462564,0.04733333333333333,0.0036416605972322547,
CAN_MB,2001-04-01,0.01571038251366108,0.05366666666666667,0.005805515239477588,
CAN_MB,2001-07-01,0.0013449899125757003,0.053,0.0007215007215004565,
CAN_MB,2001-10-01,-0.012760241773002057,0.04966666666666666,0.0064888248017305195,
CAN_MB,2002-01-01,0.0023809523809523725,0.053,0.006446991404011504,
CAN_MB,2002-04-01,0.01832371903630814,0.05133333333333333,0.00782918149466183,
CAN_MB,2002-07-01,0.00666444518493825,0.04833333333333333,0.009887005649717562,
CAN_MB,2002-10-01,0.0036411784177423634,0.050666666666666665,0.008391608391608463,
CAN_MB,2003-01-01,0.008245382585752026,0.04966666666666666,0.009708737864077666,
CAN_MB,2003-04-01,-0.001962708537782021,0.045,0.01098901098901095,
CAN_MB,2003-07-01,0.0016388069485415713,0.05033333333333334,0.004755434782608869,
CAN_MB,2003-10-01,-0.0003272251308901186,0.053,0.010818120351588911,
CAN_MB,2004-01-01,0.002618657937806912,0.051000000000000004,0.012040133779264162,
CAN_MB,2004-04-01,0.01599738818152141,0.05366666666666667,0.030403172504956943,
CAN_MB,2004-07-01,0.004820051413881643,0.05466666666666666,0.030147530468248807,
CAN_MB,2004-10-01,0.007994883274704101,0.05133333333333333,0.007471980074719831,
CAN_MB,2005-01-01,0.0019035532994924331,0.051000000000000004,0.02224969097651419,
CAN_MB,2005-04-01,0.011716276124129177,0.04866666666666667,0.01571946795646917,
CAN_MB,2005-07-01,0.008450704225352101,0.04566666666666666,0.028571428571428692,
CAN_MB,2005-10-01,-0.0015518311607696234,0.044333333333333336,0.02256944444444442,
CAN_MB,2006-01-01,0.0015542430836181786,0.045,0.026032823995472576,
CAN_MB,2006-04-01,0.014897579143389184,0.044,0.02371759514616656,
CAN_MB,2006-07-01,0.003669724770642091,0.04566666666666666,0.016702586206896575,
CAN_MB,2006-10-01,-0.0048750761730650405,0.04666666666666667,0.016958134605193464,
CAN_MB,2007-01-01,0.007042253521126529,0.047,0.01615424700364776,
CAN_MB,2007-04-01,0.01641836424445131,0.051333333333333335,0.03076923076923066,
CAN_MB,2007-07-01,0.002393060125635671,0.043,0.08855721393034832,
CAN_MB,2007-10-01,-0.007162041181736911,0.044,0.010968921389396646,
CAN_MB,2008-01-01,0.003306281935677946,0.042666666666666665,0.012658227848101333,
CAN_MB,2008-04-01,0.020371479928100733,0.04066666666666666,0.023214285714285632,
CAN_MB,2008-07-01,0.013505578391074469,0.04133333333333334,0.017888307155322858,
CAN_MB,2008-10-01,-0.011877172653534163,0.045,0.005572224603514808,
CAN_MB,2009-01-01,-0.007622398123717455,0.051666666666666666,0.0,
CAN_MB,2009-04-01,0.013884785819793244,0.050666666666666665,0.0038363171355497716,
CAN_MB,2009-07-01,0.002331002331002363,0.05466666666666666,0.005944798301486198,
CAN_MB,2009-10-01,-0.0020348837209301918,0.05733333333333333,0.002532714225411681,
CAN_MB,2010-01-01,0.0008738712496358936,0.05566666666666666,0.023578947368421144,
CAN_MB,2010-04-01,0.003201396973224524,0.05433333333333334,0.01522007404360326,
CAN_MB,2010-07-01,-0.0002901073397155729,0.05366666666666667,0.009319286871961152,
CAN_MB,2010-10-01,0.008125362739408004,0.052000000000000005,0.005620232838217554,
CAN_MB,2011-01-01,0.011801957397812313,0.05366666666666667,0.01916167664670665,
CAN_MB,2011-04-01,0.013940256045519073,0.05433333333333334,0.00861731296513879,
CAN_MB,2011-07-01,-0.0022446689113354568,0.05600000000000001,0.012038834951456412,
CAN_MB,2011-10-01,0.005343082114735553,0.05466666666666666,0.012279355333844943,
CAN_MB,2012-01-01,-0.0002797202797203413,0.05466666666666666,0.006444275966641433,
CAN_MB,2012-04-01,0.011471740346950199,0.05266666666666667,0.012052730696798353,
CAN_MB,2012-07-01,0.0008298755186721962,0.056333333333333326,0.010420543356903567,
CAN_MB,2012-10-01,0.002211166390270858,0.05433333333333334,0.013627992633517438,
CAN_MB,2013-01-01,0.004412575841147071,0.051000000000000004,0.017805232558139705,
CAN_MB,2013-04-01,0.013728720483251022,0.057,0.012495537308104376,
CAN_MB,2013-07-01,0.006771397616468056,0.05466666666666666,0.004583921015514525,
CAN_MB,2013-10-01,-0.002690341673392438,0.057999999999999996,0.0007020007020008823,
CAN_MB,2014-01-01,0.005664958187213465,0.05533333333333334,0.007015082427218378,
CAN_MB,2014-04-01,0.012875536480686733,0.05600000000000001,0.004528039010797569,
CAN_MB,2014-07-01,-0.0010593220338983578,0.05566666666666666,0.0003467406380028848,
CAN_MB,2014-10-01,-0.004506892895015824,0.05366666666666667,-0.0010398613518198818,
CAN_MB,2015-01-01,0.001597869507323546,0.05600000000000001,0.003122831367106338,0.025
CAN_MB,2015-04-01,0.01196490295134267,0.05433333333333334,0.005534417156693117,0.025
CAN_MB,2015-07-01,0.004466631634261642,0.05833333333333333,0.00481596147230845,0.023
CAN_MB,2015-10-01,-0.0005231493591419945,0.05833333333333333,0.003081136597055778,0.019
CAN_MB,2016-01-01,-0.0020936927505887937,0.05966666666666666,0.0030716723549486513,0.018000000000000002
CAN_MB,2016-04-01,0.014948859166010964,0.06066666666666667,0.005444028581150118,0.02
CAN_MB,2016-07-01,0.0005167958656331351,0.06233333333333333,0.00609137055837583,0.019
CAN_MB,2016-10-01,-0.005423553719008156,0.059,0.008745375042044756,0.019
CAN_MB,2017-01-01,0.010127239678005662,0.05833333333333333,0.00466822274091383,0.018000000000000002
CAN_MB,2017-04-01,0.004113110539845755,0.052333333333333336,0.013275804845668704,0.025
CAN_MB,2017-07-01,0.0020481310803892594,0.04966666666666666,0.008188666885031282,0.023
CAN_MB,2017-10-01,0.008942258559018867,0.05366666666666667,0.005523066926575559,0.024
CAN_MB,2018-01-01,0.007596859964547953,0.06066666666666667,0.0022617124394181953,0.023
CAN_MB,2018-04-01,0.008796179944709603,0.06133333333333333,0.0029013539651838727,0.027000000000000003
CAN_MB,2018-07-01,0.002989536621823774,0.057666666666666665,0.003535840565734416,0.025
CAN_MB,2018-10-01,0.0024838549428711776,0.05966666666666666,0.002882767456758639,0.025
CAN_MB,2019-01-01,0.004459861248761188,0.05600000000000001,0.0019163206643244557,0.023
CAN_MB,2019-04-01,0.016033547113961433,0.052333333333333336,0.0003187759005420787,0.026000000000000002
CAN_MB,2019-07-01,-0.0007283321194462289,0.05333333333333333,0.0015933715742511012,0.026000000000000002
CAN_MB,2019-10-01,0.00340136054421758,0.05266666666666667,0.0015908367801464873,0.025
CAN_MB,2020-01-01,0.00048426150121083644,0.057,0.004764930114358412,0.027999999999999997
CAN_MB,2020-04-01,-0.005324298160697127,0.11299999999999999,0.001896933291179126,
CAN_MB,2020-07-01,0.003163017031629911,0.081,0.014831177027453624,
CAN_MB,2020-10-01,0.00412321125394155,0.07766666666666666,0.01679104477611948,0.031
CAN_MB,2021-01-01,0.007246376811594235,0.07366666666666667,0.028134556574923586,0.031
CAN_MB,2021-04-01,0.016786570743405393,0.07233333333333333,0.0841760856632956,0.037000000000000005
CAN_MB,2021-07-01,0.013207547169811429,0.05833333333333333,0.039231824417009564,0.040999999999999995
CAN_MB,2021-10-01,0.008612662942271587,0.051333333333333335,0.034582893347412824,0.042
CAN_MB,2022-01-01,0.023309485345026637,0.047,0.05332993110487361,0.045
CAN_MB,2022-04-01,0.03788903924221931,0.044333333333333336,0.04069767441860472,0.048
CAN_MB,2022-07-01,0.010647544545849597,0.045,0.0027932960893852776,0.051
CAN_MB,2022-10-01,0.008815308535798705,0.044,-0.00789229340761366,0.040999999999999995
CAN_MB,2023-01-01,0.0034100596760442414,0.04733333333333333,-0.014974262985493647,0.045
CAN_MB,2023-04-01,0.013169073916737606,0.048999999999999995,0.008076009501187587,0.043
CAN_MB,2023-07-01,0.002096436058700357,0.052000000000000005,0.0,0.039
CAN_MB,2023-10-01,-0.0008368200836819106,0.04733333333333333,-0.002827521206408834,
CAN_MB,2024-01-01,-0.005862646566164198,0.04733333333333333,-0.005907372400756228,
CAN_MB,2024-04-01,0.014743049705138844,0.05333333333333333,-0.005942476824340459,
CAN_MB,2024-07-01,0.004773765047737744,0.05733333333333333,0.0007173601147776321,
CAN_MB,2024-10-01,-0.0030985333608758436,0.06033333333333334,0.005734767025089571,
CAN_NB,1998-01-01,0.0029465930018415243,0.12766666666666665,-0.0033883947479881327,
CAN_NB,1998-04-01,-0.0022034520749174558,0.12333333333333334,-0.006374840628984302,
CAN_NB,1998-07-01,-0.001840264998159813,0.11766666666666666,-0.0034217279726261873,
CAN_NB,1998-10-01,0.004424778761062065,0.11599999999999999,-0.0008583690987123971,
CAN_NB,1999-01-01,-0.0025697503671071598,0.111,0.0034364261168384758,
CAN_NB,1999-04-01,0.01582627898417366,0.09700000000000002,0.0025684931506848585,
CAN_NB,1999-07-01,0.007246376811594235,0.09566666666666666,0.002988898377455085,
CAN_NB,1999-10-01,0.0057553956834532904,0.09933333333333332,0.005959982971477151,
CAN_NB,2000-01-01,0.006080114449213081,0.09866666666666667,-0.0029623360135421217,
CAN_NB,2000-04-01,0.011375755421258349,0.10400000000000001,-0.004668930390492321,
CAN_NB,2000-07-01,0.008787346221441172,0.09766666666666668,-0.004690831556503294,
CAN_NB,2000-10-01,0.005226480836237002,0.10066666666666668,-0.0008568980291344674,
CAN_NB,2001-01-01,-0.002426343154246058,0.114,-0.0034305317324184736,
CAN_NB,2001-04-01,0.014246004169562232,0.11333333333333334,0.006024096385542244,
CAN_NB,2001-07-01,-0.0013703323055840322,0.10933333333333332,0.006415739948674171,
CAN_NB,2001-10-01,-0.005831903945111461,0.10966666666666666,0.0025499362515934987,
CAN_NB,2002-01-01,0.005175983436852993,0.10733333333333334,0.0025434506146673197,
CAN_NB,2002-04-01,0.026433230346721626,0.09766666666666668,0.011416490486257924,
CAN_NB,2002-07-01,0.014046822742474818,0.09933333333333332,0.005852842809364489,
CAN_NB,2002-10-01,0.01121372031662271,0.103,0.0008312551953448821,
CAN_NB,2003-01-01,0.015981735159817267,0.10033333333333333,0.01204318936877069,
CAN_NB,2003-04-01,-0.005778491171749556,0.10666666666666666,0.006975789905621532,
CAN_NB,2003-07-01,0.002906038101388564,0.10133333333333333,0.00896495517522422,
CAN_NB,2003-10-01,-0.0054732775273665935,0.09799999999999999,0.001615508885298711,
CAN_NB,2004-01-01,0.0077695046940757795,0.09766666666666668,0.0008064516129031585,
CAN_NB,2004-04-01,0.010279473176999732,0.1,0.004431909750201468,
CAN_NB,2004-07-01,0.0031796502384737746,0.09833333333333334,0.010830324909747224,
CAN_NB,2004-10-01,0.005071315372424667,0.09433333333333334,0.01309523809523827,
CAN_NB,2005-01-01,0.0037842951750237663,0.09466666666666666,0.01684292988640812,
CAN_NB,2005-04-01,0.008482563619227168,0.096,0.0023112480739597707,
CAN_NB,2005-07-01,0.011526479750778806,0.09799999999999999,0.006533435818601108,
CAN_NB,2005-10-01,0.000615953187557805,0.09866666666666667,0.006109201985490698,
CAN_NB,2006-01-01,0.005232379193598202,0.09433333333333334,0.01555977229601524,
CAN_NB,2006-04-01,0.010716472749540795,0.09066666666666666,0.006726457399103047,
CAN_NB,2006-07-01,-0.004847016055740783,0.09266666666666667,0.007423904974016127,
CAN_NB,2006-10-01,-0.009741248097412392,0.08966666666666667,0.001105379513633098,
CAN_NB,2007-01-01,0.012911158930218214,0.07666666666666667,-0.0033124769966876855,
CAN_NB,2007-04-01,0.016388467374810256,0.07533333333333334,0.0007385524372232055,
CAN_NB,2007-07-01,0.0017915795759928521,0.07833333333333332,0.007749077490775136,
CAN_NB,2007-10-01,-0.0008941877794335085,0.079,0.00695715854998169,
CAN_NB,2008-01-01,0.0008949880668256416,0.08700000000000001,0.006181818181818066,
CAN_NB,2008-04-01,0.01698956780923999,0.08766666666666667,0.0018070112034693775,
CAN_NB,2008-07-01,0.007913247362250742,0.084,0.01406926406926412,
CAN_NB,2008-10-01,-0.019482407676650215,0.08900000000000001,0.003913198150124364,
CAN_NB,2009-01-01,-0.005338078291814874,0.09066666666666666,0.01842664776754077,
CAN_NB,2009-04-01,0.015802027429934418,0.09066666666666666,0.0020876826722338038,
CAN_NB,2009-07-01,0.005870267097152881,0.08866666666666667,0.002083333333333437,
CAN_NB,2009-10-01,0.0026262036766853125,0.08533333333333333,0.0034650034650036687,
CAN_NB,2010-01-01,0.0093131548311991,0.08933333333333332,-0.0006906077348068917,
CAN_NB,2010-04-01,0.0011534025374855261,0.09266666666666667,0.008984105044920643,
CAN_NB,2010-07-01,0.002016129032258007,0.09633333333333333,0.010273972602739656,
CAN_NB,2010-10-01,0.004311583788444873,0.09933333333333333,-0.0006779661016949046,
CAN_NB,2011-01-01,0.015455065827132408,0.096,-0.002035278154681186,
CAN_NB,2011-04-01,0.015783540022547893,0.099,-0.0020394289598910653,
CAN_NB,2011-07-01,0.004162042175360758,0.09299999999999999,0.00613079019073548,
CAN_NB,2011-10-01,0.001657916551533578,0.09566666666666666,-0.0006770480704126891,
CAN_NB,2012-01-01,0.005793103448276105,0.10033333333333333,-0.002032520325203402,
CAN_NB,2012-04-01,0.0076796489303343485,0.09733333333333333,-0.002376103190767309,
CAN_NB,2012-07-01,-0.00381056069678809,0.11033333333333334,0.00034025178632202113,
CAN_NB,2012-10-01,-0.0008196721311476418,0.114,0.001700680272108901,
CAN_NB,2013-01-01,0.006015859994531025,0.10933333333333332,0.0003395585738539264,
CAN_NB,2013-04-01,0.0,0.105,0.0016972165648336812,
CAN_NB,2013-07-01,0.0032617559119327844,0.10233333333333333,0.0003388681802780624,
CAN_NB,2013-10-01,0.0037930100243834808,0.10266666666666666,0.0006775067750675046,
CAN_NB,2014-01-01,0.006477732793522151,0.1,-0.0013540961408259333,
CAN_NB,2014-04-01,0.006167873424510528,0.10366666666666667,0.0016949152542373724,
CAN_NB,2014-07-01,-0.0007995735607676524,0.09733333333333333,-0.0033840947546530664,
CAN_NB,2014-10-01,-0.0010669511869831894,0.10099999999999999,-0.0013582342954159277,
CAN_NB,2015-01-01,-0.004539385847797006,0.1,-0.0010200612036722623,0.017
CAN_NB,2015-04-01,0.011802575107296098,0.10433333333333332,0.0,0.035
CAN_NB,2015-07-01,0.0023860021208907956,0.10400000000000001,0.0037440435670523797,0.025
CAN_NB,2015-10-01,-0.002380322665961443,0.09166666666666666,0.0006781959986437158,0.022000000000000002
CAN_NB,2016-01-01,0.005567338282078449,0.09933333333333332,-0.0006777363605559028,0.017
CAN_NB,2016-04-01,0.013182177695755248,0.09766666666666668,0.0,0.024
CAN_NB,2016-07-01,0.00910746812386165,0.09766666666666668,0.0050864699898269805,0.023
CAN_NB,2016-10-01,-0.0028365136668386803,0.095,0.012145748987854255,0.021
CAN_NB,2017-01-01,0.010085337470907785,0.086,0.0013333333333331865,0.02
CAN_NB,2017-04-01,0.007424475166410538,0.08700000000000001,-0.0003328894806925442,0.03
CAN_NB,2017-07-01,0.001524777636594754,0.077,0.003996003996004305,0.024
CAN_NB,2017-10-01,0.00456736868815022,0.08333333333333334,0.002653399668325118,0.023
CAN_NB,2018-01-01,0.009850972467795094,0.085,0.004300363876943436,0.025
CAN_NB,2018-04-01,0.005502751375687787,0.07966666666666666,-0.000988142292490335,0.036000000000000004
CAN_NB,2018-07-01,0.004228855721392977,0.08,-0.0006594131223207622,0.03
CAN_NB,2018-10-01,-0.0029725043349021485,0.07933333333333333,-0.001319696469811893,0.028999999999999998
CAN_NB,2019-01-01,0.005217391304348062,0.08366666666666667,0.0,0.026000000000000002
CAN_NB,2019-04-01,0.011863568956994586,0.081,0.0,0.033
CAN_NB,2019-07-01,0.00415241817293599,0.08566666666666667,0.011562603237528668,0.031
CAN_NB,2019-10-01,-0.0014594989053757779,0.07866666666666668,0.004898758981058071,0.028999999999999998
CAN_NB,2020-01-01,0.0024360535931788885,0.08133333333333333,0.0022749431264219577,0.03
CAN_NB,2020-04-01,-0.011421628189550392,0.13266666666666665,0.0038910505836575737,
CAN_NB,2020-07-01,0.007866273352999054,0.10466666666666667,0.003229974160206872,
CAN_NB,2020-10-01,0.0017073170731707332,0.10033333333333333,0.00643915003219564,0.039
CAN_NB,2021-01-01,0.013148283418553675,0.09233333333333334,0.017914267434420816,0.032
CAN_NB,2021-04-01,0.01706320596010591,0.09433333333333334,0.03928346951602779,0.046
CAN_NB,2021-07-01,0.013232514177693666,0.09566666666666666,0.029331720592681965,0.046
CAN_NB,2021-10-01,0.010727611940298587,0.08466666666666667,0.010282021151586385,0.044000000000000004
CAN_NB,2022-01-01,0.019843101061375323,0.077,0.021517883105554025,0.043
CAN_NB,2022-04-01,0.03868778280542973,0.06866666666666667,0.02049530315969239,0.053
CAN_NB,2022-07-01,0.003267262034415186,0.06966666666666665,0.0,0.047
CAN_NB,2022-10-01,0.006730351715154237,0.073,0.0,0.040999999999999995
CAN_NB,2023-01-01,0.005607073538925977,0.06366666666666668,0.0,0.038
CAN_NB,2023-04-01,0.01286725284151835,0.06466666666666666,0.0,0.044000000000000004
CAN_NB,2023-07-01,0.008892652974804127,0.07,0.0,0.035
CAN_NB,2023-10-01,-0.002938090241343172,0.06533333333333334,-0.0008368200836821327,
CAN_NB,2024-01-01,0.0044201220795623275,0.07333333333333333,0.0005583472920156485,
CAN_NB,2024-04-01,0.018231349538977204,0.07333333333333333,0.0044642857142858094,
CAN_NB,2024-07-01,-0.0010290183165261313,0.066,0.0,
CAN_NB,2024-10-01,-0.003914297486608986,0.07166666666666667,0.0019444444444445264,
CAN_NL,1998-01-01,0.0021660649819497113,0.17099999999999999,0.0006934812760055475,
CAN_NL,1998-04-01,-0.0010806916426513435,0.172,-0.00554400554400547,
CAN_NL,1998-07-01,-0.00036062026685912407,0.18733333333333335,-0.0027874564459928752,
CAN_NL,1998-10-01,0.0014430014430015792,0.17733333333333334,-0.002795248078267254,
CAN_NL,1999-01-01,0.0003602305475502998,0.16433333333333333,0.0070077084793274125,
CAN_NL,1999-04-01,0.012243428159884884,0.1776666666666667,0.0,
CAN_NL,1999-07-01,0.005691924581999297,0.17066666666666666,0.005567153792623403,
CAN_NL,1999-10-01,0.004952246197382326,0.15366666666666667,-0.0041522491349481605,
CAN_NL,2000-01-01,0.012319605772615372,0.17133333333333334,0.006254343293954356,
CAN_NL,2000-04-01,0.001738525730180962,0.15933333333333333,0.012430939226519166,
CAN_NL,2000-07-01,0.011107254425546609,0.16333333333333333,0.012278308321964637,
CAN_NL,2000-10-01,0.003089598352214118,0.16866666666666666,0.0006738544474393926,
CAN_NL,2001-01-01,0.0010266940451746365,0.15633333333333335,0.0,
CAN_NL,2001-04-01,0.00512820512820511,0.16400000000000003,0.0,
CAN_NL,2001-07-01,0.001700680272108901,0.16166666666666668,0.022222222222222143,
CAN_NL,2001-10-01,-0.011205432937181792,0.15833333333333333,0.0,
CAN_NL,2002-01-01,0.004120879120879106,0.16699999999999998,0.009222661396574239,
CAN_NL,2002-04-01,0.02838577291381683,0.163,0.014360313315927131,
CAN_NL,2002-07-01,0.0033255736614565823,0.16400000000000003,0.016731016731016624,
CAN_NL,2002-10-01,0.011600928074245953,0.175,0.012025316455696267,
CAN_NL,2003-01-01,0.008846657929226565,0.17133333333333337,0.0062539086929329635,
CAN_NL,2003-04-01,0.002923026956804353,0.159,0.009322560596643825,
CAN_NL,2003-07-01,0.0032383419689119286,0.16333333333333333,0.010467980295566504,
CAN_NL,2003-10-01,-0.004519044544867623,0.17,0.01218769043266299,
CAN_NL,2004-01-01,0.003566796368352776,0.15633333333333332,0.006020469596628386,
CAN_NL,2004-04-01,0.013247172859450762,0.15866666666666668,0.018551765409934085,
CAN_NL,2004-07-01,0.009885204081632404,0.15233333333333335,0.026439482961222005,
CAN_NL,2004-10-01,0.003789074834227968,0.15233333333333335,0.012593016599885765,
CAN_NL,2005-01-01,0.0018873859704311435,0.14766666666666667,0.015262860373092213,
CAN_NL,2005-04-01,0.012872841444270033,0.15233333333333335,0.009465478841870878,
CAN_NL,2005-07-01,0.008989460632361945,0.15233333333333335,0.007170435741864267,
CAN_NL,2005-10-01,-0.003379416282642156,0.15333333333333335,0.009309967141292397,
CAN_NL,2006-01-01,0.00339087546239214,0.15533333333333332,0.004883342376559741,
CAN_NL,2006-04-01,0.015668202764977046,0.15266666666666664,0.004319654427645814,
CAN_NL,2006-07-01,0.0015124016938898865,0.151,0.028494623655914042,
CAN_NL,2006-10-01,-0.011476895197825465,0.13966666666666666,0.00209095661265013,
CAN_NL,2007-01-01,0.009776963030858399,0.148,0.004173187271778955,
CAN_NL,2007-04-01,0.01180030257186071,0.135,0.009870129870129807,
CAN_NL,2007-07-01,-0.0017942583732057926,0.13233333333333333,0.02829218106995901,
CAN_NL,2007-10-01,0.0023966446974239553,0.131,0.027513756878439155,
CAN_NL,2008-01-01,0.0077704722056186615,0.13066666666666668,0.04186952288218104,
CAN_NL,2008-04-01,0.01868327402135206,0.13299999999999998,0.0822429906542057,
CAN_NL,2008-07-01,0.013973799126637543,0.13333333333333333,0.06735751295336767,
CAN_NL,2008-10-01,-0.016652311225954675,0.141,0.031148867313915973,
CAN_NL,2009-01-01,-0.007883211678832214,0.15,0.02236171047469604,
CAN_NL,2009-04-01,0.015597410241318554,0.15633333333333332,0.00652340752110514,
CAN_NL,2009-07-01,0.0008693132425381389,0.16833333333333333,0.01067479984750297,
CAN_NL,2009-10-01,0.0,0.16,0.01056205205582783,
CAN_NL,2010-01-01,0.013028372900984353,0.15433333333333332,0.024636058230683044,
CAN_NL,2010-04-01,0.004286939125464517,0.15133333333333332,0.013479052823315074,
CAN_NL,2010-07-01,0.00512236767216856,0.14466666666666667,0.0028756290438534116,
CAN_NL,2010-10-01,0.0028312570781425794,0.13966666666666666,0.028673835125448077,
CAN_NL,2011-01-01,0.015245623941276154,0.12433333333333332,0.016027874564459976,
CAN_NL,2011-04-01,0.011957730812013345,0.12533333333333332,-0.0017146776406035125,
CAN_NL,2011-07-01,0.005496015388843034,0.1343333333333333,-0.0013740982480247022,
CAN_NL,2011-10-01,0.002732987154960398,0.136,0.0,
CAN_NL,2012-01-01,0.0068138457345325865,0.13266666666666665,-0.003095975232198289,
CAN_NL,2012-04-01,0.010286951813752054,0.128,0.003795721187025425,
CAN_NL,2012-07-01,-0.00294748124330102,0.12866666666666668,0.006875214850464051,
CAN_NL,2012-10-01,0.0013437248051597628,0.11833333333333335,-0.0013656538067599033,
CAN_NL,2013-01-01,0.007246376811594235,0.12200000000000001,0.002051282051282133,
CAN_NL,2013-04-01,0.006661337596589378,0.12233333333333335,0.010576595018764845,
CAN_NL,2013-07-01,0.002382212811011142,0.11466666666666667,0.008102633355840716,
CAN_NL,2013-10-01,0.004224980195405292,0.11966666666666667,0.0006697923643668169,
CAN_NL,2014-01-01,0.006310807257428275,0.121,0.0010040160642572626,
CAN_NL,2014-04-01,0.011497256336556072,0.127,0.0010030090270811698,
CAN_NL,2014-07-01,0.0,0.132,-0.0010020040080159776,
CAN_NL,2014-10-01,-0.008783260139498927,0.12266666666666666,0.0013373453694416337,
CAN_NL,2015-01-01,-0.0028668230388322336,0.125,0.0006677796327214658,
CAN_NL,2015-04-01,0.013591217982226844,0.135,-0.000667334000667541,0.026000000000000002
CAN_NL,2015-07-01,0.00412583806085598,0.12766666666666665,0.002671118530884753,0.024
CAN_NL,2015-10-01,-0.0046224961479196525,0.13533333333333333,0.001332001332001509,0.021
CAN_NL,2016-01-01,0.0038699690402477227,0.1393333333333333,0.00033255736614568043,0.017
CAN_NL,2016-04-01,0.01619121048573602,0.12299999999999998,0.0,0.019
CAN_NL,2016-07-01,0.01820940819423389,0.131,-0.0033244680851063357,0.019
CAN_NL,2016-10-01,0.0004967709885741467,0.14833333333333334,0.0006671114076051143,0.015
CAN_NL,2017-01-01,0.006951340615690249,0.149,-0.004333333333333411,0.015
CAN_NL,2017-04-01,0.0009861932938854956,0.15133333333333332,-0.001004352192835678,0.02
CAN_NL,2017-07-01,0.0034482758620688614,0.151,-0.004021447721179405,0.016
CAN_NL,2017-10-01,0.003927344133529909,0.15066666666666667,-0.0010094212651415857,0.016
CAN_NL,2018-01-01,0.006356968215158965,0.14966666666666667,0.0003368137420007855,0.015
CAN_NL,2018-04-01,0.004859086491739495,0.14700000000000002,-0.0013468013468013185,0.023
CAN_NL,2018-07-01,0.0065280464216634915,0.13966666666666666,-0.0010114632501686538,0.019
CAN_NL,2018-10-01,-0.006245496036512144,0.12066666666666669,-0.006074924063449116,0.021
CAN_NL,2019-01-01,0.0009668842156151936,0.12033333333333333,-0.0006791171477081859,0.017
CAN_NL,2019-04-01,0.012074378169524502,0.12366666666666667,-0.004757050628610093,0.025
CAN_NL,2019-07-01,-0.0002386065378193747,0.124,-0.006486855582109818,0.022000000000000002
CAN_NL,2019-10-01,0.0004773269689737347,0.12266666666666666,0.0037800687285223233,0.023
CAN_NL,2020-01-01,0.0007156488549620033,0.12033333333333333,-0.000342348510784074,0.022000000000000002
CAN_NL,2020-04-01,-0.010011918951132515,0.17033333333333334,-0.001369863013698569,
CAN_NL,2020-07-01,0.006742114134360877,0.15533333333333332,0.000685871056241405,
CAN_NL,2020-10-01,0.009088734752451533,0.134,0.032213845099382965,0.026000000000000002
CAN_NL,2021-01-01,0.012088172552737753,0.13333333333333333,0.005644090305444882,0.02
CAN_NL,2021-04-01,0.012177985948477854,0.13,0.010234400792340725,0.036000000000000004
CAN_NL,2021-07-01,0.011568718186024896,0.13466666666666666,0.004575163398692794,0.034
CAN_NL,2021-10-01,0.006404391582799374,0.12233333333333335,0.006180871828237011,0.036000000000000004
CAN_NL,2022-01-01,0.020454545454545503,0.132,0.015518913676042523,0.033
CAN_NL,2022-04-01,0.03563474387527843,0.10666666666666666,0.0015918497293856415,0.045
CAN_NL,2022-07-01,0.0010752688172042113,0.10533333333333333,0.004450095359186168,0.037000000000000005
CAN_NL,2022-10-01,0.004940923737916325,0.10166666666666666,0.0025316455696200446,0.033
CAN_NL,2023-01-01,0.005344164172723431,0.10433333333333333,0.005681818181818343,0.028999999999999998
CAN_NL,2023-04-01,0.011482032745056436,0.09733333333333333,-0.0037664783427495685,0.042
CAN_NL,2023-07-01,0.012402774858103705,0.09033333333333333,0.010396975425331023,0.033
CAN_NL,2023-10-01,-0.0031146179401992935,0.1,-0.006859993763642214,
CAN_NL,2024-01-01,0.004582378671110332,0.10033333333333333,-0.003767660910518056,
CAN_NL,2024-04-01,0.01098901098901095,0.09633333333333333,0.005042546485975352,
CAN_NL,2024-07-01,0.001025430680886119,0.10066666666666667,0.007525870178739291,
CAN_NL,2024-10-01,-0.006965785699651783,0.10466666666666667,0.0,
CAN_NS,1998-01-01,0.0040605389442600615,0.10433333333333333,0.0005540166204989205,
CAN_NS,1998-04-01,-0.0014705882352940014,0.10700000000000001,0.01882613510520481,
CAN_NS,1998-07-01,-0.0022091310751106707,0.10333333333333333,-0.00706521739130439,
CAN_NS,1998-10-01,0.0036900369003691758,0.10333333333333333,0.003284072249589487,
CAN_NS,1999-01-01,-0.0007352941176470562,0.10033333333333333,0.016366612111292866,
CAN_NS,1999-04-01,0.01287711552612203,0.095,0.0032206119162641045,
CAN_NS,1999-07-01,0.00908100254268085,0.09233333333333332,0.014446227929373778,
CAN_NS,1999-10-01,0.008999280057595316,0.09433333333333332,0.01002109704641363,
CAN_NS,2000-01-01,0.008205494113449951,0.09200000000000001,0.0031331592689294308,
CAN_NS,2000-04-01,0.007077140835102691,0.086,0.015096304008328953,
CAN_NS,2000-07-01,0.006324666198172624,0.09200000000000001,0.0,
CAN_NS,2000-10-01,0.013268156424581123,0.09333333333333334,0.008717948717948731,
CAN_NS,2001-01-01,-0.00344589937973816,0.09533333333333333,0.011184544992374201,
CAN_NS,2001-04-01,0.01141078838174292,0.10200000000000001,0.0010055304172953416,
CAN_NS,2001-07-01,0.0003418803418804295,0.09733333333333334,0.0055248618784529135,
CAN_NS,2001-10-01,-0.006493506493506662,0.096,0.010989010989010728,
CAN_NS,2002-01-01,0.0034399724802203213,0.09733333333333334,0.012351778656126688,
CAN_NS,2002-04-01,0.02742543709290346,0.09666666666666666,0.011224987798926334,
CAN_NS,2002-07-01,0.010343677010343777,0.09700000000000002,0.004343629343629418,
CAN_NS,2002-10-01,0.009577278731836003,0.09299999999999999,0.006246996636232405,
CAN_NS,2003-01-01,0.017337258750409035,0.08833333333333333,0.013371537726838634,
CAN_NS,2003-04-01,-0.004180064308681675,0.08700000000000001,0.02120640904806792,
CAN_NS,2003-07-01,0.003228931223764997,0.09533333333333333,0.0009229349330872605,
CAN_NS,2003-10-01,-0.003862246540070724,0.09233333333333332,0.004149377593361203,
CAN_NS,2004-01-01,0.0058158319870758035,0.091,0.008264462809917328,
CAN_NS,2004-04-01,0.012528107934468347,0.08833333333333333,0.0036429872495444826,
CAN_NS,2004-07-01,0.006979695431472033,0.085,0.001814882032667997,
CAN_NS,2004-10-01,0.005986137366099653,0.088,0.0,
CAN_NS,2005-01-01,0.0009395552771689353,0.08966666666666667,0.0,
CAN_NS,2005-04-01,0.010951188986232596,0.084,0.0,
CAN_NS,2005-07-01,0.012999071494893322,0.07833333333333332,0.03985507246376829,
CAN_NS,2005-10-01,0.00274977085242889,0.085,0.024390243902438824,
CAN_NS,2006-01-01,-0.000914076782449702,0.08299999999999999,0.0,
CAN_NS,2006-04-01,0.016163464470875244,0.085,0.002125850340136015,
CAN_NS,2006-07-01,0.00030012004801927006,0.08233333333333333,0.005515485787017438,
CAN_NS,2006-10-01,-0.007800780078007885,0.07933333333333334,0.0033755274261604296,
CAN_NS,2007-01-01,0.006954944058058743,0.08200000000000002,0.001682085786375298,
CAN_NS,2007-04-01,0.016816816816816793,0.08200000000000002,0.04450041981528119,
CAN_NS,2007-07-01,0.0,0.08433333333333333,0.018488745980707266,
CAN_NS,2007-10-01,0.0032486709982280093,0.08,0.025651144435674622,
CAN_NS,2008-01-01,0.006476302619958574,0.079,0.02462485571373607,
CAN_NS,2008-04-01,0.0248610704884471,0.07800000000000001,0.012767555388659257,
CAN_NS,2008-07-01,0.0077054794520547976,0.07733333333333334,0.0070448646644420965,
CAN_NS,2008-10-01,-0.023506088926649626,0.08266666666666668,0.0022091310751102267,
CAN_NS,2009-01-01,-0.007540603248259892,0.08966666666666667,0.0014695077149156077,
CAN_NS,2009-04-01,0.01490356516656921,0.09566666666666666,0.00036683785766711274,
CAN_NS,2009-07-01,0.00777425856608116,0.096,0.0007334066740003475,
CAN_NS,2009-10-01,-0.0022857142857144463,0.09299999999999999,0.0029314767314034818,
CAN_NS,2010-01-01,0.006586483390607301,0.091,0.002192181220314282,
CAN_NS,2010-04-01,0.004267425320056972,0.08933333333333332,0.0018228217280349401,
CAN_NS,2010-07-01,0.008781869688385235,0.09833333333333334,0.0010917030567685337,
CAN_NS,2010-10-01,0.0061780398764392785,0.10266666666666667,0.00908760450745194,
CAN_NS,2011-01-01,0.014792073681272777,0.09433333333333332,0.006123919308357095,
CAN_NS,2011-04-01,0.013751375137513788,0.091,0.0,
CAN_NS,2011-07-01,0.0032555615843732344,0.09,0.003580379520229382,
CAN_NS,2011-10-01,0.0021633315305571443,0.086,0.004994648590795681,
CAN_NS,2012-01-01,0.00728548300053955,0.08766666666666666,0.007809726659566696,
CAN_NS,2012-04-01,0.00857219394588804,0.09433333333333332,0.0045790771398379615,
CAN_NS,2012-07-01,-0.00345285524568395,0.095,0.007012622720897754,
CAN_NS,2012-10-01,0.002132196162046851,0.09633333333333333,0.004874651810584885,
CAN_NS,2013-01-01,0.007446808510638281,0.09433333333333334,0.01108801108801094,
CAN_NS,2013-04-01,0.002111932418162654,0.08900000000000001,0.005140507196710331,
CAN_NS,2013-07-01,0.0018440463645941207,0.08900000000000001,0.004091374019774996,
CAN_NS,2013-10-01,-0.000525900604785634,0.09233333333333334,0.0,
CAN_NS,2014-01-01,0.012102078400421101,0.09233333333333332,-0.0010186757215620013,
CAN_NS,2014-04-01,0.00805822719001803,0.09333333333333334,0.0,
CAN_NS,2014-07-01,-0.001031459515213995,0.09166666666666666,0.0003399048266485849,
CAN_NS,2014-10-01,-0.005162622612286949,0.08666666666666666,0.003058103975535298,
CAN_NS,2015-01-01,-0.002335236118318762,0.09200000000000001,0.0030487804878047697,0.024
CAN_NS,2015-04-01,0.01404421326397931,0.09133333333333332,0.003039513677811412,0.03
CAN_NS,2015-07-01,-0.0007694280584764623,0.084,0.0,0.027999999999999997
CAN_NS,2015-10-01,-0.004363449691991983,0.08733333333333332,-0.0010101010101011276,0.021
CAN_NS,2016-01-01,0.0030935808197991577,0.08933333333333333,2.220446049250313e-16,0.021
CAN_NS,2016-04-01,0.01362117707530186,0.08266666666666668,0.0006740815638688336,0.023
CAN_NS,2016-07-01,-0.001014198782961384,0.08333333333333334,0.003368137420006745,0.023
CAN_NS,2016-10-01,-0.002284263959390964,0.08233333333333333,0.006377979187646821,0.021
CAN_NS,2017-01-01,0.004578987534978429,0.08733333333333332,0.0026684456304202353,0.019
CAN_NS,2017-04-01,0.004304887313244077,0.08766666666666667,0.0006653359946773296,0.027000000000000003
CAN_NS,2017-07-01,0.004286434694906749,0.086,0.004986702127659504,0.025
CAN_NS,2017-10-01,0.001255335174491501,0.08666666666666666,0.0029771749917300028,0.025
CAN_NS,2018-01-01,0.010280842527582656,0.08533333333333333,0.0009894459102903763,0.023
CAN_NS,2018-04-01,0.00819061801935983,0.07566666666666666,0.006589785831960349,0.03
CAN_NS,2018-07-01,0.0036927621861151394,0.08200000000000002,0.000654664484451617,0.027999999999999997
CAN_NS,2018-10-01,-0.0014716703458425018,0.073,-0.0029440628066733643,0.027000000000000003
CAN_NS,2019-01-01,0.0009825595676737908,0.07133333333333333,0.004265091863517423,0.024
CAN_NS,2019-04-01,0.0125153374233129,0.07200000000000001,0.0032669062397909787,0.032
CAN_NS,2019-07-01,0.006543868153175092,0.07600000000000001,0.0019537609899054065,0.032
CAN_NS,2019-10-01,-0.002407897905128853,0.08066666666666668,-0.0006499837504062578,0.027999999999999997
CAN_NS,2020-01-01,0.0031378228336953473,0.08866666666666667,0.009105691056910503,0.025
CAN_NS,2020-04-01,-0.011790182868142374,0.13733333333333334,0.009345794392523477,
CAN_NS,2020-07-01,0.005113221329437367,0.095,0.02330779054916965,
CAN_NS,2020-10-01,0.007267441860465018,0.08,0.02808112324492984,0.033
CAN_NS,2021-01-01,0.01707551707551702,0.08900000000000001,0.021547799696509884,0.032
CAN_NS,2021-04-01,0.013478363679356953,0.09200000000000001,0.04456327985739761,0.038
CAN_NS,2021-07-01,0.01096593560429282,0.08133333333333333,0.005119453924914641,0.043
CAN_NS,2021-10-01,0.009231479344565141,0.08033333333333333,0.0,0.048
CAN_NS,2022-01-01,0.02309627258175162,0.06866666666666667,0.0036785512167516465,0.044000000000000004
CAN_NS,2022-04-01,0.03844434510505157,0.06533333333333334,0.023681984775866916,0.054000000000000006
CAN_NS,2022-07-01,0.0064571674558757675,0.067,0.007986780501239243,0.052000000000000005
CAN_NS,2022-10-01,0.009409751924722265,0.06266666666666666,0.0,0.049
CAN_NS,2023-01-01,0.004449152542372881,0.05733333333333334,-0.002185792349726823,0.044000000000000004
CAN_NS,2023-04-01,0.007171482809533725,0.063,-0.0035596933187295177,0.047
CAN_NS,2023-07-01,0.021570680628272276,0.07133333333333333,0.0,0.040999999999999995
CAN_NS,2023-10-01,-0.0020500205002050853,0.064,-0.0038472107721901905,
CAN_NS,2024-01-01,0.003492193919474307,0.06599999999999999,-0.006620689655172263,
CAN_NS,2024-04-01,0.011258955987717423,0.06366666666666668,0.008608719800055509,
CAN_NS,2024-07-01,0.002024291497975783,0.066,0.00412995594713661,
CAN_NS,2024-10-01,-0.003232323232323253,0.063,0.0010967918837401225,
CAN_ON,1998-01-01,0.005187106335680092,0.07600000000000001,0.006723716381417999,
CAN_ON,1998-04-01,0.0007371913011426923,0.07166666666666667,0.005464480874316946,
CAN_ON,1998-07-01,0.0022099447513812542,0.07033333333333334,0.004830917874396157,
CAN_ON,1998-10-01,0.0025725836089673937,0.06933333333333333,0.004807692307692069,
CAN_ON,1999-01-01,0.0032991202346039916,0.06633333333333333,0.0017942583732057926,
CAN_ON,1999-04-01,0.011326269638290087,0.06833333333333333,0.0017910447761193549,
CAN_ON,1999-07-01,0.006502890173410547,0.062,0.006555423122765136,
CAN_ON,1999-10-01,0.003948312993539149,0.05666666666666667,0.010657193605683846,
CAN_ON,2000-01-01,0.007508044333214281,0.057666666666666665,0.007615700058582364,
CAN_ON,2000-04-01,0.008161816891412377,0.05599999999999999,0.006976744186046435,
CAN_ON,2000-07-01,0.008447729672650395,0.05733333333333334,0.006928406466512715,
CAN_ON,2000-10-01,0.008726003490401313,0.06033333333333334,0.009747706422018387,
CAN_ON,2001-01-01,0.007958477508650752,0.06066666666666667,0.007950028392958552,
CAN_ON,2001-04-01,0.01441812564366618,0.061000000000000006,0.007887323943662095,
CAN_ON,2001-07-01,0.0006768189509305245,0.064,0.0061486864169928435,
CAN_ON,2001-10-01,-0.006425431180250185,0.06866666666666667,0.0038888888888888307,
CAN_ON,2002-01-01,0.006126616746085833,0.07266666666666667,0.011068068622025473,
CAN_ON,2002-04-01,0.010825439783491264,0.07033333333333334,0.013136288998357948,
CAN_ON,2002-07-01,0.013052208835341084,0.07100000000000001,0.009184224743382208,
CAN_ON,2002-10-01,0.0006607201850015176,0.06966666666666665,0.012847965738757905,
CAN_ON,2003-01-01,0.014856388246946128,0.06733333333333333,0.007399577167019,
CAN_ON,2003-04-01,-0.003578399479505334,0.07033333333333334,0.011542497376705096,
CAN_ON,2003-07-01,0.007835455435847072,0.07166666666666667,0.01348547717842341,
CAN_ON,2003-10-01,0.0022675736961450532,0.068,0.013817809621289534,
CAN_ON,2004-01-01,0.0051712992889465514,0.067,0.009591115598182931,
CAN_ON,2004-04-01,0.009324758842443659,0.068,0.022499999999999964,
CAN_ON,2004-07-01,0.0015928639694171576,0.06666666666666667,0.013691931540342317,
CAN_ON,2004-10-01,0.0041348600508905875,0.06833333333333333,0.008200675349734565,
CAN_ON,2005-01-01,0.005068102629078197,0.06766666666666667,0.008133971291865993,
CAN_ON,2005-04-01,0.00819413803970992,0.06866666666666667,0.014712861888941609,
CAN_ON,2005-07-01,0.00844013754298234,0.06633333333333333,0.010757717492984264,
CAN_ON,2005-10-01,0.000619962802231866,0.063,0.007403979639055702,
CAN_ON,2006-01-01,0.006505576208178265,0.065,0.009646302250803984,
CAN_ON,2006-04-01,0.009233610341643494,0.06266666666666666,0.007734303912647844,
CAN_ON,2006-07-01,-0.003964623360780628,0.06633333333333333,0.011738148984198782,
CAN_ON,2006-10-01,-0.0024494794856092517,0.06533333333333334,0.004016064257028162,
CAN_ON,2007-01-01,0.01012891344383049,0.06533333333333334,0.0040000000000000036,
CAN_ON,2007-04-01,0.014281373442722511,0.06533333333333334,0.0057547587428066205,
CAN_ON,2007-07-01,-0.002396644697423511,0.063,0.009683098591549255,
CAN_ON,2007-10-01,0.0006006006006005205,0.06466666666666666,0.007846556233652935,
CAN_ON,2008-01-01,0.0024009603841537164,0.065,0.016435986159169635,
CAN_ON,2008-04-01,0.018862275449101906,0.06366666666666668,0.005957446808510625,
CAN_ON,2008-07-01,0.013811342932706472,0.06533333333333334,0.0033840947546530664,
CAN_ON,2008-10-01,-0.01449275362318847,0.07133333333333333,0.0,
CAN_ON,2009-01-01,-0.0023529411764705577,0.08733333333333332,-0.00042158516020229797,
CAN_ON,2009-04-01,0.006485849056603765,0.09433333333333332,-0.00843525938422618,
CAN_ON,2009-07-01,-0.0005858230814294041,0.09333333333333334,0.002977456401531464,
CAN_ON,2009-10-01,0.004103165298944944,0.09233333333333332,0.011026293469041493,
CAN_ON,2010-01-01,0.006713368359603011,0.09133333333333332,0.00838926174496657,
CAN_ON,2010-04-01,0.008698173383589358,0.08766666666666667,0.006239600665557399,
CAN_ON,2010-07-01,0.00919804541534952,0.088,0.003720545680033105,
CAN_ON,2010-10-01,0.0074052976360010625,0.08299999999999999,0.006177924217462882,
CAN_ON,2011-01-01,0.004240882103477617,0.08299999999999999,0.008186655751125649,
CAN_ON,2011-04-01,0.0163288288288288,0.08200000000000002,0.014616321559074219,
CAN_ON,2011-07-01,0.003324099722991747,0.07733333333333334,0.010804321728691502,
CAN_ON,2011-10-01,0.00027609055770283497,0.07933333333333334,0.011084718923198844,
CAN_ON,2012-01-01,0.004692243996687884,0.07933333333333334,0.009005481597494036,
CAN_ON,2012-04-01,0.00659340659340657,0.08066666666666666,0.01125339542103232,
CAN_ON,2012-07-01,-0.0032751091703056012,0.08033333333333333,0.007674597083653145,
CAN_ON,2012-10-01,0.0005476451259582849,0.08066666666666666,0.007616146230007503,
CAN_ON,2013-01-01,0.0051997810618500395,0.07666666666666667,0.0037792894935753107,
CAN_ON,2013-04-01,0.004900626191124413,0.07566666666666666,0.002635542168674565,
CAN_ON,2013-07-01,0.0032511514494715232,0.07733333333333334,0.003379647014645215,
CAN_ON,2013-10-01,-0.0016203078584930974,0.07666666666666667,0.0026197604790418882,
CAN_ON,2014-01-01,0.008926156342980773,0.07566666666666666,0.004479283314669624,
CAN_ON,2014-04-01,0.016890080428954457,0.07600000000000001,0.006317354143441145,
CAN_ON,2014-07-01,0.0010545742156604643,0.07433333333333333,0.004431314623338345,
CAN_ON,2014-10-01,-0.003160389781406314,0.07,0.004779411764705976,
CAN_ON,2015-01-01,0.00026420079260236484,0.06966666666666665,0.003293084522502543,0.026000000000000002
CAN_ON,2015-04-01,0.01109350237717921,0.06666666666666667,0.008388037928519498,0.03
CAN_ON,2015-07-01,0.0036572622779518227,0.06866666666666667,0.010849909584086825,0.026000000000000002
CAN_ON,2015-10-01,-0.0023425299323268645,0.06899999999999999,0.008228980322003476,0.025
CAN_ON,2016-01-01,0.004435168275502388,0.068,0.0063875088715401596,0.023
CAN_ON,2016-04-01,0.013246753246753062,0.06733333333333333,0.01868829337094491,0.027000000000000003
CAN_ON,2016-07-01,0.0005126890540887441,0.06433333333333334,0.019383869851159696,0.027999999999999997
CAN_ON,2016-10-01,0.001281065846784557,0.064,0.016638370118845502,0.026000000000000002
CAN_ON,2017-01-01,0.006653019447287578,0.064,0.011356045424181671,0.027999999999999997
CAN_ON,2017-04-01,0.0066090493136756745,0.062,0.026089828269484805,0.03
CAN_ON,2017-07-01,0.0,0.057666666666666665,0.006115223688445415,0.03
CAN_ON,2017-10-01,0.002525252525252597,0.05866666666666667,0.0025591810620599897,0.03
CAN_ON,2018-01-01,0.012090680100755424,0.056333333333333326,-0.0006381620931715792,0.028999999999999998
CAN_ON,2018-04-01,0.007964161274266024,0.05666666666666667,-0.0025542784163473664,0.033
CAN_ON,2018-07-01,0.005185185185185404,0.05666666666666667,0.0022407170294496126,0.032
CAN_ON,2018-10-01,-0.00343895848685849,0.05566666666666666,0.0019163206643244557,0.033
CAN_ON,2019-01-01,0.0061621888094651744,0.057,-0.00031877590054174565,0.03
CAN_ON,2019-04-01,0.012983831455169126,0.05466666666666666,0.000956632653061007,0.033
CAN_ON,2019-07-01,0.003143893591293967,0.05600000000000001,0.0003185727938834759,0.032
CAN_ON,2019-10-01,-0.0033751205400195383,0.05399999999999999,0.006369426751592355,0.028999999999999998
CAN_ON,2020-01-01,0.002902757619738905,0.06433333333333334,0.005063291139240533,0.028999999999999998
CAN_ON,2020-04-01,-0.0028943560057889117,0.12966666666666668,0.006297229219143663,
CAN_ON,2020-07-01,0.00556361877116629,0.10466666666666667,0.01282853566958675,
CAN_ON,2020-10-01,0.0024055809477987466,0.09433333333333334,0.021007105344454935,0.034
CAN_ON,2021-01-01,0.00959923206143487,0.09166666666666666,0.03207261724659616,0.033
CAN_ON,2021-04-01,0.01616353696220596,0.09200000000000001,0.04163002052184117,0.043
CAN_ON,2021-07-01,0.010994152046783556,0.07666666666666667,0.01942020827469748,0.053
CAN_ON,2021-10-01,0.012725590004627474,0.065,0.025400331308669255,0.052000000000000005
CAN_ON,2022-01-01,0.02124742974640159,0.06166666666666667,0.014808831448573034,0.051
CAN_ON,2022-04-01,0.028411633109619583,0.05366666666666667,0.012204828867073525,0.057
CAN_ON,2022-07-01,0.006743528388079234,0.05333333333333333,0.002621231979030192,0.054000000000000006
CAN_ON,2022-10-01,0.005617977528090012,0.05466666666666666,-0.0013071895424836555,0.047
CAN_ON,2023-01-01,0.008594757198109315,0.05266666666666667,-0.003403141361256523,0.040999999999999995
CAN_ON,2023-04-01,0.011504047720494404,0.05366666666666667,-0.0044654583661675185,0.040999999999999995
CAN_ON,2023-07-01,0.009267059814658696,0.05733333333333333,-0.0034300791556728383,0.037000000000000005
CAN_ON,2023-10-01,0.003547579298831316,0.06166666666666667,-0.004765687053216783,
CAN_ON,2024-01-01,0.0012476606363069909,0.065,-0.0029263101888800103,
CAN_ON,2024-04-01,0.014537902388369828,0.06833333333333333,-0.002134471718249764,
CAN_ON,2024-07-01,0.003070624360286489,0.07,-0.0013368983957219305,
CAN_ON,2024-10-01,-0.000612244897959302,0.07466666666666666,-0.00669344042838016,
CAN_PE,1998-01-01,-0.00036805299963171834,0.13966666666666666,-0.004510045100450943,
CAN_PE,1998-04-01,-0.006259204712813271,0.14,0.0024711696869852418,
CAN_PE,1998-07-01,-0.003705075954057002,0.1343333333333333,0.006573541495480617,
CAN_PE,1998-10-01,0.007065823726292386,0.1443333333333333,0.026122448979591706,
CAN_PE,1999-01-01,-0.00036927621861149174,0.158,-0.010739856801909253,
CAN_PE,1999-04-01,0.003324713705208815,0.14766666666666667,-0.00361881785283491,
CAN_PE,1999-07-01,0.008468335787923165,0.13233333333333333,0.009685230024213176,
CAN_PE,1999-10-01,0.014968966776195858,0.12833333333333333,0.009192645883293382,
CAN_PE,2000-01-01,0.004316546762589857,0.11933333333333332,0.0003960396039603964,
CAN_PE,2000-04-01,0.016475644699140535,0.11666666666666665,0.0,
CAN_PE,2000-07-01,0.010218463706835657,0.12200000000000001,0.010292953285827355,
CAN_PE,2000-10-01,0.010115102895012384,0.13166666666666665,0.005485893416928178,
CAN_PE,2001-01-01,-0.00034530386740339036,0.114,0.002338269680436378,
CAN_PE,2001-04-01,0.012780656303972293,0.11866666666666667,0.0007776049766718973,
CAN_PE,2001-07-01,0.0013642564802183177,0.11966666666666667,-0.0007770007770007137,
CAN_PE,2001-10-01,-0.0037465940054496327,0.12233333333333335,0.0015552099533437946,
CAN_PE,2002-01-01,-0.007521367521367561,0.12633333333333333,0.0027173913043478937,
CAN_PE,2002-04-01,0.03134688253530826,0.109,0.0011614401858304202,
CAN_PE,2002-07-01,0.012024048096192397,0.12200000000000001,0.0030935808197987136,
CAN_PE,2002-10-01,0.013861386138613874,0.114,0.0015420200462605838,
CAN_PE,2003-01-01,0.006184895833333481,0.11466666666666667,0.003464203233256802,
CAN_PE,2003-04-01,0.007440957618893407,0.10799999999999998,0.0,
CAN_PE,2003-07-01,-0.0032113037893385377,0.10400000000000001,0.0015343306482547003,
CAN_PE,2003-10-01,0.003221649484536071,0.106,0.013404825737265202,
CAN_PE,2004-01-01,0.0025690430314708745,0.11466666666666667,0.013605442176870541,
CAN_PE,2004-04-01,0.015695067264574147,0.11766666666666666,0.007457121551081247,
CAN_PE,2004-07-01,0.0031535793125196943,0.10833333333333334,0.004441154700221883,
CAN_PE,2004-10-01,0.013203395158755127,0.10666666666666666,0.01215917464996319,
CAN_PE,2005-01-01,-0.004654049022649653,0.10666666666666666,0.008736803785948322,
CAN_PE,2005-04-01,0.01807980049875324,0.115,0.01623962468422957,
CAN_PE,2005-07-01,0.010716472749540795,0.11,0.012784090909090828,
CAN_PE,2005-10-01,0.006361708573159541,0.10666666666666666,0.003155680224404156,
CAN_PE,2006-01-01,-0.0021071643588199684,0.11633333333333333,-0.00978678783642084,
CAN_PE,2006-04-01,0.017194570135746545,0.11333333333333334,0.018708083303918155,
CAN_PE,2006-07-01,-0.000889679715302405,0.11333333333333334,0.009355509355509328,
CAN_PE,2006-10-01,-0.010388839418224993,0.117,0.002059732234809264,
CAN_PE,2007-01-01,0.009898020395920915,0.109,0.0,
CAN_PE,2007-04-01,0.01574101574101583,0.10166666666666666,-0.0017129153819801513,
CAN_PE,2007-07-01,-0.0005847953216373547,0.10400000000000001,0.0027453671928621137,
CAN_PE,2007-10-01,0.0038033937975423537,0.10400000000000001,0.007529089664613187,
CAN_PE,2008-01-01,0.004371903235208308,0.109,0.012228260869565188,
CAN_PE,2008-04-01,0.030470110272780015,0.10866666666666668,-0.0063758389261744375,
CAN_PE,2008-07-01,0.012672486623486412,0.11166666666666666,-0.0006754474839582025,
CAN_PE,2008-10-01,-0.02614015572858741,0.11933333333333332,-0.0003379520108145462,
CAN_PE,2009-01-01,-0.013706453455168521,0.12533333333333332,0.008113590263691739,
CAN_PE,2009-04-01,0.0205558772437755,0.12933333333333333,0.00435949027498328,
CAN_PE,2009-07-01,0.007943262411347574,0.11933333333333332,0.002337228714524242,
CAN_PE,2009-10-01,-0.001125809175344883,0.10400000000000001,-0.005662891405729509,
CAN_PE,2010-01-01,0.005353620738236087,0.10533333333333333,-0.006700167504187671,
CAN_PE,2010-04-01,0.001961883408071685,0.11,-0.0064080944350758395,
CAN_PE,2010-07-01,0.0036363636363636598,0.11966666666666667,-0.003054989816700382,
CAN_PE,2010-10-01,0.00557413600891854,0.12766666666666665,-0.0027238678924075277,
CAN_PE,2011-01-01,0.007206208425720506,0.11299999999999999,0.008193922840560086,
CAN_PE,2011-04-01,0.019537699504678097,0.11366666666666667,0.010159160176091975,
CAN_PE,2011-07-01,0.0010796221322535438,0.11566666666666668,0.013409319477036608,
CAN_PE,2011-10-01,0.0010784578053384397,0.11266666666666665,0.0013231888852136553,
CAN_PE,2012-01-01,0.007271747912739102,0.11,-0.005285761480013362,
CAN_PE,2012-04-01,0.009090909090909038,0.117,-0.0029890401859847815,
CAN_PE,2012-07-01,-0.0010598834128244805,0.11366666666666667,0.0009993337774818478,
CAN_PE,2012-10-01,0.0007957559681697202,0.11333333333333334,-0.004326123128119863,
CAN_PE,2013-01-01,0.004505698383249435,0.11833333333333335,0.003676470588235059,
CAN_PE,2013-04-01,0.014248021108179465,0.10866666666666668,0.00532800532800537,
CAN_PE,2013-07-01,0.0033818938605618687,0.11033333333333334,0.0026498840675723834,
CAN_PE,2013-10-01,0.0028519574799064085,0.11533333333333333,-0.0009910802775027205,
CAN_PE,2014-01-01,0.008790072388831671,0.11333333333333334,-0.006613756613756627,
CAN_PE,2014-04-01,0.0035879036391595065,0.10766666666666666,-0.00565912117177092,
CAN_PE,2014-07-01,-0.0012768130745658413,0.09766666666666665,-0.0033478406427853713,
CAN_PE,2014-10-01,-0.008182050626438397,0.10433333333333332,-0.001679543164259334,
CAN_PE,2015-01-01,-0.00824954885279705,0.106,0.00302826379542398,
CAN_PE,2015-04-01,0.011177540940993103,0.11066666666666668,0.009728279100972737,0.031
CAN_PE,2015-07-01,0.0020565552699229883,0.109,-0.006312292358803928,0.025
CAN_PE,2015-10-01,-0.004104669061056887,0.103,-0.006352390504847927,0.026000000000000002
CAN_PE,2016-01-01,0.00180319422977826,0.103,0.00841184387617755,0.013999999999999999
CAN_PE,2016-04-01,0.013885317562355448,0.10766666666666666,0.0023356690023357274,0.028999999999999998
CAN_PE,2016-07-01,-0.005072279989855599,0.11200000000000002,-0.0013315579227695107,0.02
CAN_PE,2016-10-01,0.005862860056079722,0.11466666666666668,0.0,0.016
CAN_PE,2017-01-01,0.004054738976178696,0.1,0.0,0.02
CAN_PE,2017-04-01,0.009338717819282971,0.10233333333333333,-0.0016666666666667052,0.037000000000000005
CAN_PE,2017-07-01,0.0020005001250313903,0.1,0.004674457429048484,0.028999999999999998
CAN_PE,2017-10-01,0.002495632642875112,0.10400000000000001,0.0,0.02
CAN_PE,2018-01-01,0.00921085387104803,0.10566666666666666,0.000664672648720499,0.02
CAN_PE,2018-04-01,0.011100148001973453,0.10099999999999999,0.0009963467286613348,0.047
CAN_PE,2018-07-01,0.004147353012930122,0.09566666666666666,-0.0003317850033176528,0.037000000000000005
CAN_PE,2018-10-01,-0.008017492711370422,0.09700000000000002,-0.0033189512114171205,0.031
CAN_PE,2019-01-01,-0.0009796718099436275,0.09799999999999999,-3.3306690738754696e-16,0.027000000000000003
CAN_PE,2019-04-01,0.014954645746506401,0.09066666666666666,0.0066600066600066565,0.036000000000000004
CAN_PE,2019-07-01,0.006038647342995196,0.08733333333333335,0.006285147204763586,0.034
CAN_PE,2019-10-01,-0.001680672268907668,0.077,0.00591715976331364,0.027000000000000003
CAN_PE,2020-01-01,-0.0009620009620009418,0.08299999999999999,0.0,0.027000000000000003
CAN_PE,2020-04-01,-0.013962445835339454,0.135,0.0039215686274509665,
CAN_PE,2020-07-01,0.012451171875,0.10733333333333334,0.0087890625,
CAN_PE,2020-10-01,0.0009645526886907785,0.10666666666666666,0.02516940948693125,0.032
CAN_PE,2021-01-01,0.018067935437243943,0.09033333333333333,0.05162102612527564,0.025
CAN_PE,2021-04-01,0.022716516800757036,0.10866666666666668,0.05656988925471418,0.05
CAN_PE,2021-07-01,0.019204072188801602,0.11033333333333334,0.01756373937677047,0.046
CAN_PE,2021-10-01,0.006129398410896769,0.09,-0.0008351893095769336,0.049
CAN_PE,2022-01-01,0.027752707581227387,0.09333333333333334,0.003900808024519531,0.047
CAN_PE,2022-04-01,0.046761800219538685,0.07366666666666667,0.013322231473771762,0.064
CAN_PE,2022-07-01,0.004404362416107421,0.075,0.008490824431662602,0.054000000000000006
CAN_PE,2022-10-01,0.006055543954896603,0.06433333333333334,-0.0010863661053777118,0.046
CAN_PE,2023-01-01,0.0008302200083021294,0.07133333333333333,0.0,0.045
CAN_PE,2023-04-01,0.0037328909166323143,0.07633333333333332,0.0,0.057
CAN_PE,2023-07-01,0.01714876033057844,0.073,0.0,0.042
CAN_PE,2023-10-01,-0.006093845216331495,0.07200000000000001,0.0,
CAN_PE,2024-01-01,0.0038830983036992617,0.07333333333333333,0.0,
CAN_PE,2024-04-01,0.01526872964169379,0.07666666666666667,0.0,
CAN_PE,2024-07-01,0.0010026067776216507,0.07666666666666667,0.0,
CAN_PE,2024-10-01,-0.008413461538461564,0.085,0.0,
CAN_QC,1998-01-01,0.01063049853372422,0.10733333333333334,0.004265691651431869,
CAN_QC,1998-04-01,0.0029017047515416117,0.10333333333333333,-0.0006067961165049374,
CAN_QC,1998-07-01,-0.0007233273056057588,0.10266666666666666,-0.0006071645415907101,
CAN_QC,1998-10-01,0.0007238508867173366,0.10033333333333333,0.0012150668286756705,
CAN_QC,1999-01-01,0.0032549728752258034,0.09799999999999999,0.00849514563106779,
CAN_QC,1999-04-01,0.010454217736121318,0.09633333333333333,0.0072202166064982976,
CAN_QC,1999-07-01,0.0049946485907954585,0.09366666666666668,0.005973715651135025,
CAN_QC,1999-10-01,0.0035498757543486192,0.08566666666666667,0.008907363420427528,
CAN_QC,2000-01-01,0.004952246197382326,0.084,0.007062978222483807,
CAN_QC,2000-04-01,0.008095740936289841,0.08466666666666667,0.009935710111046214,
CAN_QC,2000-07-01,0.007681564245810124,0.086,0.010416666666666519,
CAN_QC,2000-10-01,0.00485100485100487,0.08333333333333334,0.012600229095074633,
CAN_QC,2001-01-01,0.0055172413793103114,0.08533333333333333,0.01300904977375561,
CAN_QC,2001-04-01,0.014403292181069949,0.08900000000000001,0.013400335008375341,
CAN_QC,2001-07-01,-0.0016903313049357882,0.084,0.008264462809917328,
CAN_QC,2001-10-01,-0.005756857433118823,0.08866666666666667,0.006010928961748707,
CAN_QC,2002-01-01,0.00783378746593999,0.09200000000000001,0.011406844106463865,
CAN_QC,2002-04-01,0.009124704291990637,0.086,0.026315789473684292,
CAN_QC,2002-07-01,0.011386470194239662,0.08633333333333333,0.01098901098901095,
CAN_QC,2002-10-01,0.005298013245033095,0.085,0.02587991718426519,
CAN_QC,2003-01-01,0.015810276679841806,0.08700000000000001,0.02472250252270447,
CAN_QC,2003-04-01,-0.0042153047989622605,0.09333333333333334,0.005908419497784534,
CAN_QC,2003-07-01,0.00032562683165071604,0.09433333333333334,0.01566324033284383,
CAN_QC,2003-10-01,0.001953125000000222,0.09166666666666666,0.02168674698795181,
CAN_QC,2004-01-01,0.009421702404158516,0.08833333333333333,0.012735849056603632,
CAN_QC,2004-04-01,0.008690054715159157,0.08299999999999999,0.018630647414997537,
CAN_QC,2004-07-01,0.0012763241863436026,0.08233333333333334,0.010973936899862924,
CAN_QC,2004-10-01,0.007010834926704845,0.08666666666666666,0.018091361374943604,
CAN_QC,2005-01-01,0.004113924050632933,0.08133333333333333,0.010661928031985513,
CAN_QC,2005-04-01,0.007563819728963139,0.08166666666666667,0.009230769230769376,
CAN_QC,2005-07-01,0.010009383797309868,0.08266666666666668,0.007839721254355059,
CAN_QC,2005-10-01,-0.0009290802105913487,0.08200000000000002,0.012532411408816113,
CAN_QC,2006-01-01,0.0058896466212026155,0.08666666666666666,0.010670081092616135,
CAN_QC,2006-04-01,0.009244992295839749,0.08133333333333333,0.015625,
CAN_QC,2006-07-01,-0.0021374045801526576,0.08,0.006652806652806653,
CAN_QC,2006-10-01,-0.0033659730722155334,0.081,0.008261049153242439,
CAN_QC,2007-01-01,0.009517961314092771,0.078,0.014748054076198391,
CAN_QC,2007-04-01,0.010948905109488871,0.07366666666666667,0.008074283407347727,
CAN_QC,2007-07-01,-0.0036101083032491488,0.07166666666666667,0.009611533840608866,
CAN_QC,2007-10-01,0.0036231884057971175,0.07333333333333333,0.011106703689012232,
CAN_QC,2008-01-01,0.005114320096269553,0.07200000000000001,0.01608473911337782,
CAN_QC,2008-04-01,0.017958695001496494,0.07600000000000001,0.013513513513513598,
CAN_QC,2008-07-01,0.004410467509555982,0.074,0.011809523809523936,
CAN_QC,2008-10-01,-0.01317330210772838,0.07666666666666667,0.005271084337349352,
CAN_QC,2009-01-01,-0.0020765351527738396,0.08633333333333333,0.009363295880149725,
CAN_QC,2009-04-01,0.012782401902497131,0.08833333333333333,0.005936920222634701,
CAN_QC,2009-07-01,0.0020545934840034974,0.09133333333333332,0.0033198081888601294,
CAN_QC,2009-10-01,0.0014645577035734547,0.08633333333333333,0.009558823529411953,
CAN_QC,2010-01-01,0.0023398654577362343,0.08333333333333334,0.007283321194464509,
CAN_QC,2010-04-01,0.005252407353370181,0.08166666666666667,0.009038322487346484,
CAN_QC,2010-07-01,-0.0017416545718432763,0.08333333333333334,0.007524184879971196,
CAN_QC,2010-10-01,0.007851119511486093,0.08,0.010668563300142209,
CAN_QC,2011-01-01,0.013848817080207576,0.07833333333333332,0.0049261083743843415,
CAN_QC,2011-04-01,0.011952191235059972,0.07933333333333334,0.006652661064425747,
CAN_QC,2011-07-01,-0.0002812148481441401,0.07733333333333334,0.0017391304347826875,
CAN_QC,2011-10-01,0.00421940928270037,0.085,0.005208333333333259,
CAN_QC,2012-01-01,0.01092436974789912,0.084,0.005181347150259086,
CAN_QC,2012-04-01,0.005818786367414841,0.07966666666666666,0.003092783505154628,
CAN_QC,2012-07-01,-0.0019283746556474357,0.07533333333333334,0.0034258307639603025,
CAN_QC,2012-10-01,0.0016560861164780505,0.07566666666666666,0.005121201775349915,
CAN_QC,2013-01-01,0.0038578120694408025,0.07600000000000001,0.0013586956521740579,
CAN_QC,2013-04-01,0.0032939884710403433,0.078,0.0013568521031206426,
CAN_QC,2013-07-01,0.0005471956224349928,0.08066666666666668,0.0016937669376693165,
CAN_QC,2013-10-01,-0.0021875854525567062,0.07933333333333334,0.00101454176530269,
CAN_QC,2014-01-01,0.006303096738832448,0.08066666666666666,0.0013513513513512265,
CAN_QC,2014-04-01,0.010620915032679923,0.08033333333333333,0.0006747638326587424,
CAN_QC,2014-07-01,0.0008084074373484462,0.07833333333333332,-0.0003371544167229956,
CAN_QC,2014-10-01,-0.0013462574044157405,0.077,-0.0006745362563237434,
CAN_QC,2015-01-01,0.0008088433540038853,0.07666666666666667,0.001687478906513773,0.018000000000000002
CAN_QC,2015-04-01,0.010775862068965525,0.07866666666666668,-0.0016846361185984815,0.021
CAN_QC,2015-07-01,0.0010660980810235365,0.07733333333333334,0.0023624704691191933,0.018000000000000002
CAN_QC,2015-10-01,-0.0029286474973376775,0.077,0.003030303030302939,0.015
CAN_QC,2016-01-01,0.0021361815754337155,0.07833333333333332,0.002014098690835908,0.016
CAN_QC,2016-04-01,0.007727151612043848,0.07533333333333334,0.0010050251256279452,0.02
CAN_QC,2016-07-01,-0.003966155473294597,0.06966666666666665,0.0020080321285143032,0.019
CAN_QC,2016-10-01,0.0,0.06466666666666666,0.002004008016032177,0.018000000000000002
CAN_QC,2017-01-01,0.0074329705335811624,0.063,0.0020000000000000018,0.02
CAN_QC,2017-04-01,0.003425559947299206,0.062,0.001996007984031767,0.024
CAN_QC,2017-07-01,-0.0007878151260505284,0.06,0.0033200531208499307,0.025
CAN_QC,2017-10-01,0.004993429697766061,0.056333333333333326,0.0033090668431501324,0.026000000000000002
CAN_QC,2018-01-01,0.006799163179916468,0.05566666666666666,0.005936675461741592,0.026000000000000002
CAN_QC,2018-04-01,0.007012987012986915,0.05366666666666667,0.004590163934426128,0.032
CAN_QC,2018-07-01,0.0020634511220016805,0.05600000000000001,0.00783289817232391,0.032
CAN_QC,2018-10-01,-0.0033462033462031693,0.051333333333333335,0.004533678756476478,0.032
CAN_QC,2019-01-01,0.00800619834710714,0.052333333333333336,0.002256608639587432,0.031
CAN_QC,2019-04-01,0.014347937483986772,0.048999999999999995,0.003859761981344745,0.038
CAN_QC,2019-07-01,0.0030310684516292596,0.04833333333333333,0.020506247997436722,0.036000000000000004
CAN_QC,2019-10-01,0.00025182573659021656,0.052000000000000005,0.018838304552590168,0.033
CAN_QC,2020-01-01,0.0027693856998991517,0.05966666666666666,0.01201848998459143,0.034
CAN_QC,2020-04-01,-0.0047702736630680365,0.14466666666666667,0.008830694275274276,
CAN_QC,2020-07-01,0.005045408678102881,0.08333333333333334,0.012979172955025708,
CAN_QC,2020-10-01,0.004016064257028384,0.07200000000000001,0.041120381406436035,0.040999999999999995
CAN_QC,2021-01-01,0.012499999999999956,0.07166666666666667,0.022037779049799866,0.042
CAN_QC,2021-04-01,0.015308641975308568,0.065,0.07896947633716023,0.053
CAN_QC,2021-07-01,0.012645914396887115,0.059333333333333335,0.024656112120425844,0.061
CAN_QC,2021-10-01,0.010806916426512991,0.048,0.02254305977710258,0.06
CAN_QC,2022-01-01,0.017343787122832133,0.045333333333333344,0.025266286846668207,0.057999999999999996
CAN_QC,2022-04-01,0.03176085941148998,0.04366666666666667,0.02343561246677961,0.064
CAN_QC,2022-07-01,0.008374830239927578,0.042666666666666665,0.0014164305949007083,0.061
CAN_QC,2022-10-01,0.006285072951739412,0.03966666666666666,0.001885902876001877,0.051
CAN_QC,2023-01-01,0.007807271916127734,0.042666666666666665,-0.00047058823529411153,0.049
CAN_QC,2023-04-01,0.018370960602036357,0.04166666666666667,0.006355932203389925,0.05
CAN_QC,2023-07-01,0.01108454683764415,0.044,-0.002339181286549752,0.043
CAN_QC,2023-10-01,0.0015047291487528813,0.04933333333333333,-0.0023446658851112856,
CAN_QC,2024-01-01,0.002361021678471742,0.04833333333333333,0.001175088131609714,
CAN_QC,2024-04-01,0.01220556745182022,0.053,0.0035211267605634866,
CAN_QC,2024-07-01,0.0006346519991538013,0.055,0.0025730994152046716,
CAN_QC,2024-10-01,0.00042283298097256505,0.057,0.006532897806812654,
CAN_SK,1998-01-01,0.005599104143336975,0.05333333333333333,0.010143702451394843,
CAN_SK,1998-04-01,0.006681514476614581,0.05666666666666667,0.008368200836819994,
CAN_SK,1998-07-01,0.001474926253687503,0.061000000000000006,0.003319502074689007,
CAN_SK,1998-10-01,0.004050073637702267,0.06166666666666667,0.002481389578163684,
CAN_SK,1999-01-01,0.0047671433810048125,0.066,0.004950495049504955,
CAN_SK,1999-04-01,0.005109489051094984,0.06366666666666668,0.011494252873563315,
CAN_SK,1999-07-01,0.0036310820624545492,0.05666666666666667,0.0032467532467530535,
CAN_SK,1999-10-01,0.004341534008683201,0.05366666666666667,0.004045307443365731,
CAN_SK,2000-01-01,0.006123919308357317,0.04766666666666666,0.004834810636583198,
CAN_SK,2000-04-01,0.009308986752595505,0.051000000000000004,0.006415396952686558,
CAN_SK,2000-07-01,0.008868393047180012,0.05533333333333334,0.004780876494023811,
CAN_SK,2000-10-01,0.008087201125175802,0.05033333333333334,0.00713719270420321,
CAN_SK,2001-01-01,0.003836763167073487,0.056333333333333326,0.007086614173228201,
CAN_SK,2001-04-01,0.01459346768589298,0.059,0.014073494917904439,
CAN_SK,2001-07-01,0.008904109589041198,0.05666666666666667,0.0015420200462605838,
CAN_SK,2001-10-01,-0.007128309572301483,0.059,0.0007698229407238077,
CAN_SK,2002-01-01,0.00512820512820511,0.05733333333333333,0.005384615384615321,
CAN_SK,2002-04-01,0.020408163265306145,0.05833333333333333,0.006885998469778221,
CAN_SK,2002-07-01,0.006666666666666821,0.053,0.010638297872340496,
CAN_SK,2002-10-01,0.0066225165562912025,0.059333333333333335,0.006766917293232977,
CAN_SK,2003-01-01,0.006578947368421018,0.059333333333333335,0.007468259895444307,
CAN_SK,2003-04-01,0.0006535947712418277,0.055,0.01260192735359511,
CAN_SK,2003-07-01,0.004245591116917025,0.05399999999999999,0.01683748169838961,
CAN_SK,2003-10-01,0.0013008130081300084,0.057666666666666665,0.01367890568754504,
CAN_SK,2004-01-01,0.002923026956804353,0.05600000000000001,0.007102272727272707,
CAN_SK,2004-04-01,0.015867875647668228,0.050666666666666665,0.019040902679830607,
CAN_SK,2004-07-01,0.0035065349059610895,0.053,0.02145328719723172,
CAN_SK,2004-10-01,0.008259212198221011,0.051333333333333335,0.01897018970189701,
CAN_SK,2005-01-01,0.001260239445494804,0.04933333333333333,0.011968085106382809,
CAN_SK,2005-04-01,0.008181246066708558,0.04766666666666666,0.014454664914586246,
CAN_SK,2005-07-01,0.0065543071161049404,0.051666666666666666,0.005181347150258864,
CAN_SK,2005-10-01,-0.0009302325581396209,0.05266666666666667,0.012886597938144506,
CAN_SK,2006-01-01,0.005586592178770999,0.051666666666666666,0.023536895674300284,
CAN_SK,2006-04-01,0.013580246913580174,0.048999999999999995,0.029832193909260285,
CAN_SK,2006-07-01,0.003349573690621277,0.04766666666666666,0.03077851538925791,
CAN_SK,2006-10-01,-0.008194233687405128,0.04133333333333334,0.033372365339578325,
CAN_SK,2007-01-01,0.011015911872704898,0.04333333333333333,0.057790368271954495,
CAN_SK,2007-04-01,0.021489104116222846,0.04466666666666666,0.14997321906802363,
CAN_SK,2007-07-01,0.006814814814814829,0.04333333333333333,0.11318118304611091,
CAN_SK,2007-10-01,-0.002354326074161306,0.042333333333333334,0.020083682008368076,
CAN_SK,2008-01-01,0.006194690265486802,0.044,0.07465135356849872,
CAN_SK,2008-04-01,0.021987686895338587,0.04133333333333334,0.06717557251908413,
CAN_SK,2008-07-01,0.007458405048766492,0.042333333333333334,-0.007868383404864288,
CAN_SK,2008-10-01,-0.00512528473804108,0.043,-0.02271088680605604,
CAN_SK,2009-01-01,-0.0017172295363478973,0.04733333333333333,-0.004795278495020372,
CAN_SK,2009-04-01,0.007167431192660612,0.04933333333333333,-0.00963676797627877,
CAN_SK,2009-07-01,0.00597779675491017,0.050333333333333334,0.0037425149700598404,
CAN_SK,2009-10-01,-0.004244482173174857,0.05366666666666667,0.004847129008202833,
CAN_SK,2010-01-01,0.0034100596760444635,0.048,0.013729128014842384,
CAN_SK,2010-04-01,0.007363353157745722,0.05266666666666667,0.025256222547584306,
CAN_SK,2010-07-01,0.0014056789429295335,0.05466666666666666,0.004641199571581378,
CAN_SK,2010-10-01,0.007860752386299907,0.057666666666666665,0.003909026297086005,
CAN_SK,2011-01-01,0.007799442896935904,0.05266666666666667,0.005663716814159336,
CAN_SK,2011-04-01,0.01133222775013798,0.04966666666666666,0.008447729672650395,
CAN_SK,2011-07-01,0.002732987154960398,0.04766666666666666,0.005933682373472804,
CAN_SK,2011-10-01,0.005178522758244819,0.047,0.00693962526023606,
CAN_SK,2012-01-01,0.0010845986984815426,0.04933333333333333,0.012405237767057153,
CAN_SK,2012-04-01,0.009750812567713929,0.04933333333333333,0.00953029271613337,
CAN_SK,2012-07-01,-0.0005364806866952065,0.04766666666666666,0.0013486176668913163,
CAN_SK,2012-10-01,0.0,0.047,0.0003367003367005239,
CAN_SK,2013-01-01,0.0026838432635534204,0.04066666666666666,0.005385392123863797,
CAN_SK,2013-04-01,0.01070663811563155,0.043,0.009708737864077888,
CAN_SK,2013-07-01,0.0010593220338981357,0.043,0.0026525198938991412,
CAN_SK,2013-10-01,0.0029100529100529737,0.04166666666666667,0.007605820105820005,
CAN_SK,2014-01-01,0.010023740437879125,0.042666666666666665,0.010502133245815504,
CAN_SK,2014-04-01,0.010968921389396646,0.03766666666666667,-0.0003247807729780394,
CAN_SK,2014-07-01,0.0005166623611470023,0.03833333333333334,-0.00032488628979865375,
CAN_SK,2014-10-01,-0.0002581977794988699,0.03733333333333333,-0.0009749756256094422,
CAN_SK,2015-01-01,0.0020661157024792765,0.04766666666666666,-0.0019518542615483137,0.03
CAN_SK,2015-04-01,0.01314432989690717,0.04733333333333333,-0.003911342894393655,0.032
CAN_SK,2015-07-01,0.0022894937674893256,0.05333333333333333,0.0003272251308898966,0.025
CAN_SK,2015-10-01,0.0,0.059333333333333335,-0.0075237160614981535,0.022000000000000002
CAN_SK,2016-01-01,0.000761421319796618,0.061000000000000006,-0.003295978905734964,0.02
CAN_SK,2016-04-01,0.010144559979711198,0.064,-0.005952380952380931,0.021
CAN_SK,2016-07-01,-0.001506402209389801,0.06466666666666666,-0.003326679973386537,0.02
CAN_SK,2016-10-01,-0.004777470455117339,0.06833333333333333,-0.00033377837116166376,0.018000000000000002
CAN_SK,2017-01-01,0.008084891359272595,0.06466666666666666,0.0013355592654422654,0.018000000000000002
CAN_SK,2017-04-01,0.007518796992481258,0.064,-0.0016672224074690822,0.024
CAN_SK,2017-07-01,0.003731343283582156,0.06433333333333334,-0.002004008016031955,0.022000000000000002
CAN_SK,2017-10-01,0.010904584882279966,0.06366666666666668,-0.003681392235609149,0.02
CAN_SK,2018-01-01,0.004903162539838135,0.059,-0.00470272085992629,0.02
CAN_SK,2018-04-01,0.007318858258111627,0.064,-0.0006749915626053093,0.025
CAN_SK,2018-07-01,0.0,0.06433333333333334,-0.003039513677811634,0.023
CAN_SK,2018-10-01,0.0026640833131510444,0.057666666666666665,-0.005081300813008172,0.019
CAN_SK,2019-01-01,0.0026570048309180194,0.055,-0.003064351378958219,0.019
CAN_SK,2019-04-01,0.01565887737894478,0.05266666666666667,-0.00785519125683043,0.024
CAN_SK,2019-07-01,-0.0023719165085389626,0.05466666666666666,-0.002065404475043109,0.023
CAN_SK,2019-10-01,0.0009510223490254432,0.05966666666666666,-0.0031045187995860646,0.022000000000000002
CAN_SK,2020-01-01,0.00190023752969104,0.066,-0.01072664359861586,0.025
CAN_SK,2020-04-01,-0.004741583688952278,0.115,-0.0027981811822314073,
CAN_SK,2020-07-01,0.0076226774654599705,0.08033333333333333,-0.0017537706068047054,
CAN_SK,2020-10-01,0.002600472813238719,0.07133333333333333,0.004919184820801004,0.023
CAN_SK,2021-01-01,0.008252770572978019,0.07066666666666667,0.012587412587412805,0.027000000000000003
CAN_SK,2021-04-01,0.008886810102899823,0.06566666666666666,0.03763812154696122,0.036000000000000004
CAN_SK,2021-07-01,0.00834492350486804,0.06633333333333333,0.026289517470881707,0.043
CAN_SK,2021-10-01,0.008735632183908049,0.05666666666666667,0.0019455252918287869,0.04
CAN_SK,2022-01-01,0.021649954421148587,0.049666666666666665,0.01229773462783168,0.042
CAN_SK,2022-04-01,0.029667633281284855,0.046000000000000006,0.01566496163682851,0.051
CAN_SK,2022-07-01,0.011481802426343002,0.043,0.006295247088448308,0.051
CAN_SK,2022-10-01,0.007710430499036303,0.045333333333333344,-0.00031279324366573213,0.046
CAN_SK,2023-01-01,0.005526036131774825,0.04466666666666667,-0.007509386733416834,0.046
CAN_SK,2023-04-01,0.01733248784612118,0.04733333333333333,-0.0015762925598992172,0.052000000000000005
CAN_SK,2023-07-01,0.005402036152087897,0.051333333333333335,-0.00820966214082719,0.049
CAN_SK,2023-10-01,-0.0057863194874973045,0.04666666666666667,-0.006685768863419317,
CAN_SK,2024-01-01,0.00020785699438774508,0.050666666666666665,-0.0019230769230769162,
CAN_SK,2024-04-01,0.013300083125519446,0.056333333333333326,0.005138086062941527,
CAN_SK,2024-07-01,0.0034864643150123165,0.05466666666666666,0.010862619808306606,
CAN_SK,2024-10-01,-0.0004087471898630568,0.057666666666666665,0.003476611883691527,
