region,year,firm,household,government
CAN_AB,2000,0.763758,0.153163,0.083079
CAN_AB,2001,0.750825,0.156483,0.092692
CAN_AB,2002,0.709374,0.192104,0.098522
CAN_AB,2003,0.73079,0.184295,0.084915
CAN_AB,2004,0.739687,0.178373,0.08194
CAN_AB,2005,0.75322,0.169191,0.077589
CAN_AB,2006,0.738249,0.179616,0.082135
CAN_AB,2007,0.702701,0.200973,0.096326
CAN_AB,2008,0.71957,0.172355,0.108074
CAN_AB,2009,0.664857,0.18854,0.146603
CAN_AB,2010,0.683582,0.182775,0.133642
CAN_AB,2011,0.726443,0.155796,0.117762
CAN_AB,2012,0.735127,0.157318,0.107555
CAN_AB,2013,0.75096,0.157851,0.091189
CAN_AB,2014,0.754593,0.165682,0.079724
CAN_AB,2015,0.69027,0.20133,0.1084
CAN_AB,2016,0.652606,0.208652,0.138741
CAN_AB,2017,0.649554,0.21267,0.137776
CAN_AB,2018,0.665093,0.210472,0.124434
CAN_AB,2019,0.678526,0.199599,0.121874
CAN_AB,2020,0.630102,0.226459,0.143438
CAN_AB,2021,0.629783,0.25649,0.113728
CAN_AB,2022,0.664859,0.238243,0.096898
CAN_AB,2023,0.663012,0.227243,0.109745
CAN_AB,2024,0.630379,0.255886,0.113736
CAN_BC,2000,0.547946,0.285194,0.16686
CAN_BC,2001,0.552697,0.292782,0.154522
CAN_BC,2002,0.507886,0.344867,0.147246
CAN_BC,2003,0.496701,0.359706,0.143594
CAN_BC,2004,0.476264,0.379252,0.144484
CAN_BC,2005,0.463796,0.382536,0.153669
CAN_BC,2006,0.47006,0.384927,0.145013
CAN_BC,2007,0.456787,0.396264,0.14695
CAN_BC,2008,0.476752,0.369069,0.154179
CAN_BC,2009,0.46349,0.36138,0.175129
CAN_BC,2010,0.471521,0.352184,0.176294
CAN_BC,2011,0.497162,0.362004,0.140834
CAN_BC,2012,0.493393,0.359028,0.147579
CAN_BC,2013,0.487531,0.373211,0.139257
CAN_BC,2014,0.492165,0.368366,0.139469
CAN_BC,2015,0.441524,0.417396,0.14108
CAN_BC,2016,0.403655,0.462286,0.134059
CAN_BC,2017,0.409512,0.452749,0.13774
CAN_BC,2018,0.415573,0.434863,0.149563
CAN_BC,2019,0.481337,0.380775,0.137888
CAN_BC,2020,0.466742,0.386725,0.146533
CAN_BC,2021,0.442745,0.413499,0.143756
CAN_BC,2022,0.464769,0.39307,0.142161
CAN_BC,2023,0.492086,0.356636,0.151277
CAN_BC,2024,0.46404,0.353746,0.182213
CAN_MB,2000,0.636394,0.185643,0.177963
CAN_MB,2001,0.62334,0.198094,0.178566
CAN_MB,2002,0.601384,0.222752,0.175865
CAN_MB,2003,0.578066,0.239553,0.18238
CAN_MB,2004,0.568682,0.253977,0.177341
CAN_MB,2005,0.530098,0.276584,0.193317
CAN_MB,2006,0.51873,0.270743,0.210526
CAN_MB,2007,0.502993,0.27451,0.222497
CAN_MB,2008,0.512598,0.260905,0.226497
CAN_MB,2009,0.505573,0.271706,0.222722
CAN_MB,2010,0.513091,0.254894,0.232015
CAN_MB,2011,0.501794,0.271104,0.227102
CAN_MB,2012,0.498747,0.26927,0.231982
CAN_MB,2013,0.504723,0.28456,0.210716
CAN_MB,2014,0.542215,0.27428,0.183505
CAN_MB,2015,0.558736,0.249707,0.191557
CAN_MB,2016,0.533865,0.264217,0.201918
CAN_MB,2017,0.534418,0.283389,0.182192
CAN_MB,2018,0.552498,0.290663,0.156838
CAN_MB,2019,0.554266,0.297635,0.1481
CAN_MB,2020,0.507978,0.329328,0.162694
CAN_MB,2021,0.443438,0.397879,0.158683
CAN_MB,2022,0.448717,0.388337,0.162946
CAN_MB,2023,0.459133,0.342547,0.19832
CAN_MB,2024,0.454169,0.336297,0.209534
CAN_NB,2000,0.595521,0.201773,0.202706
CAN_NB,2001,0.520929,0.26438,0.214691
CAN_NB,2002,0.498567,0.299557,0.201875
CAN_NB,2003,0.510744,0.297521,0.191736
CAN_NB,2004,0.506538,0.293891,0.199571
CAN_NB,2005,0.498118,0.293523,0.208358
CAN_NB,2006,0.542852,0.259596,0.197551
CAN_NB,2007,0.48949,0.255329,0.255182
CAN_NB,2008,0.559994,0.257446,0.18256
CAN_NB,2009,0.515837,0.279607,0.204556
CAN_NB,2010,0.458104,0.285474,0.256422
CAN_NB,2011,0.425626,0.263278,0.311095
CAN_NB,2012,0.422608,0.305506,0.271886
CAN_NB,2013,0.452476,0.298523,0.249001
CAN_NB,2014,0.440608,0.294372,0.265021
CAN_NB,2015,0.465884,0.287392,0.246725
CAN_NB,2016,0.425463,0.293048,0.281489
CAN_NB,2017,0.456077,0.274368,0.269555
CAN_NB,2018,0.47075,0.265998,0.263252
CAN_NB,2019,0.479059,0.306201,0.21474
CAN_NB,2020,0.431746,0.33677,0.231484
CAN_NB,2021,0.40822,0.3941,0.19768
CAN_NB,2022,0.436708,0.378285,0.185007
CAN_NB,2023,0.44238,0.344511,0.21311
CAN_NB,2024,0.441225,0.362244,0.196531
CAN_NL,2000,0.650712,0.160399,0.188889
CAN_NL,2001,0.61992,0.186319,0.193761
CAN_NL,2002,0.561709,0.219567,0.218724
CAN_NL,2003,0.62559,0.229418,0.144992
CAN_NL,2004,0.663944,0.232131,0.103926
CAN_NL,2005,0.654501,0.226369,0.119131
CAN_NL,2006,0.614066,0.247884,0.138051
CAN_NL,2007,0.551412,0.286328,0.16226
CAN_NL,2008,0.564455,0.275726,0.159819
CAN_NL,2009,0.499528,0.293784,0.206688
CAN_NL,2010,0.50276,0.291594,0.205646
CAN_NL,2011,0.598214,0.239059,0.162726
CAN_NL,2012,0.656081,0.203969,0.139949
CAN_NL,2013,0.728082,0.16462,0.107297
CAN_NL,2014,0.745991,0.143581,0.110428
CAN_NL,2015,0.767105,0.133118,0.099777
CAN_NL,2016,0.816733,0.104672,0.078595
CAN_NL,2017,0.742737,0.129362,0.1279
CAN_NL,2018,0.693344,0.143114,0.163542
CAN_NL,2019,0.703564,0.125512,0.170924
CAN_NL,2020,0.676643,0.144718,0.178638
CAN_NL,2021,0.599541,0.199082,0.201376
CAN_NL,2022,0.601482,0.226364,0.172154
CAN_NL,2023,0.614191,0.191878,0.193931
CAN_NL,2024,0.588679,0.21578,0.19554
CAN_NS,2000,0.572922,0.235186,0.191891
CAN_NS,2001,0.56951,0.239316,0.191174
CAN_NS,2002,0.550687,0.250654,0.198659
CAN_NS,2003,0.510994,0.281588,0.207417
CAN_NS,2004,0.489657,0.309632,0.200711
CAN_NS,2005,0.472645,0.32406,0.203295
CAN_NS,2006,0.454711,0.340881,0.204407
CAN_NS,2007,0.453134,0.342869,0.203997
CAN_NS,2008,0.424328,0.36076,0.214912
CAN_NS,2009,0.436062,0.298117,0.265821
CAN_NS,2010,0.459828,0.299022,0.24115
CAN_NS,2011,0.446353,0.32031,0.233337
CAN_NS,2012,0.355024,0.369856,0.27512
CAN_NS,2013,0.37956,0.352994,0.267446
CAN_NS,2014,0.43339,0.316773,0.249838
CAN_NS,2015,0.439756,0.326238,0.234005
CAN_NS,2016,0.468628,0.318777,0.212595
CAN_NS,2017,0.418794,0.341541,0.239666
CAN_NS,2018,0.354815,0.343455,0.301731
CAN_NS,2019,0.325437,0.355216,0.319346
CAN_NS,2020,0.279287,0.388955,0.331758
CAN_NS,2021,0.278793,0.424149,0.297059
CAN_NS,2022,0.30431,0.454275,0.241414
CAN_NS,2023,0.328408,0.416307,0.255285
CAN_NS,2024,0.292405,0.406065,0.30153
CAN_ON,2000,0.579779,0.267083,0.153138
CAN_ON,2001,0.550368,0.288243,0.161389
CAN_ON,2002,0.511905,0.321159,0.166936
CAN_ON,2003,0.496685,0.324703,0.178612
CAN_ON,2004,0.488966,0.334027,0.177007
CAN_ON,2005,0.486849,0.335074,0.178077
CAN_ON,2006,0.487059,0.331814,0.181128
CAN_ON,2007,0.468933,0.344722,0.186345
CAN_ON,2008,0.475658,0.336014,0.188328
CAN_ON,2009,0.435846,0.335217,0.228937
CAN_ON,2010,0.408192,0.342211,0.249597
CAN_ON,2011,0.426909,0.355557,0.217534
CAN_ON,2012,0.425215,0.373662,0.201123
CAN_ON,2013,0.41321,0.386469,0.200321
CAN_ON,2014,0.4428,0.373031,0.184168
CAN_ON,2015,0.451713,0.377117,0.17117
CAN_ON,2016,0.412831,0.416243,0.170925
CAN_ON,2017,0.405698,0.419172,0.175131
CAN_ON,2018,0.436242,0.390195,0.173564
CAN_ON,2019,0.447399,0.385126,0.167475
CAN_ON,2020,0.411629,0.424609,0.163762
CAN_ON,2021,0.389936,0.465757,0.144307
CAN_ON,2022,0.410465,0.437434,0.152101
CAN_ON,2023,0.444276,0.403762,0.151961
CAN_ON,2024,0.454647,0.382719,0.162634
CAN_PE,2000,0.483771,0.299845,0.216383
CAN_PE,2001,0.451754,0.29386,0.254386
CAN_PE,2002,0.423347,0.308017,0.268636
CAN_PE,2003,0.429155,0.317439,0.253406
CAN_PE,2004,0.453836,0.358908,0.187256
CAN_PE,2005,0.390588,0.338824,0.270588
CAN_PE,2006,0.386076,0.310127,0.303797
CAN_PE,2007,0.45463,0.295603,0.249766
CAN_PE,2008,0.465932,0.330661,0.203407
CAN_PE,2009,0.342493,0.310108,0.347399
CAN_PE,2010,0.340314,0.349738,0.309948
CAN_PE,2011,0.354419,0.325581,0.32
CAN_PE,2012,0.368912,0.370984,0.260104
CAN_PE,2013,0.407301,0.3439,0.248799
CAN_PE,2014,0.434156,0.33642,0.229424
CAN_PE,2015,0.391676,0.371398,0.236926
CAN_PE,2016,0.414703,0.356268,0.229029
CAN_PE,2017,0.410198,0.368341,0.221461
CAN_PE,2018,0.407982,0.379157,0.21286
CAN_PE,2019,0.36904,0.418681,0.21228
CAN_PE,2020,0.328115,0.432686,0.239198
CAN_PE,2021,0.316525,0.444833,0.238642
CAN_PE,2022,0.33302,0.431326,0.235654
CAN_PE,2023,0.377863,0.36355,0.258588
CAN_PE,2024,0.350796,0.386002,0.263202
CAN_QC,2000,0.61786,0.212125,0.170015
CAN_QC,2001,0.566361,0.24489,0.188749
CAN_QC,2002,0.518835,0.291775,0.18939
CAN_QC,2003,0.50246,0.313318,0.184222
CAN_QC,2004,0.482444,0.33445,0.183106
CAN_QC,2005,0.461772,0.339002,0.199226
CAN_QC,2006,0.468714,0.339817,0.191469
CAN_QC,2007,0.464805,0.343598,0.191597
CAN_QC,2008,0.454794,0.327072,0.218134
CAN_QC,2009,0.418065,0.332392,0.249544
CAN_QC,2010,0.405243,0.356023,0.238734
CAN_QC,2011,0.42808,0.342073,0.229847
CAN_QC,2012,0.450678,0.335401,0.213921
CAN_QC,2013,0.464094,0.322194,0.213712
CAN_QC,2014,0.449445,0.335607,0.214947
CAN_QC,2015,0.437741,0.334807,0.227452
CAN_QC,2016,0.437827,0.352075,0.210098
CAN_QC,2017,0.434793,0.34972,0.215487
CAN_QC,2018,0.428471,0.349747,0.221783
CAN_QC,2019,0.438463,0.351414,0.210123
CAN_QC,2020,0.412253,0.375333,0.212414
CAN_QC,2021,0.393733,0.413019,0.193248
CAN_QC,2022,0.418371,0.388752,0.192877
CAN_QC,2023,0.447921,0.336392,0.215687
CAN_QC,2024,0.45401,0.342177,0.203813
CAN_SK,2000,0.7348,0.1332,0.132
CAN_SK,2001,0.701592,0.137931,0.160477
CAN_SK,2002,0.673266,0.160183,0.166551
CAN_SK,2003,0.687345,0.166601,0.146054
CAN_SK,2004,0.670989,0.181795,0.147216
CAN_SK,2005,0.686979,0.173722,0.139299
CAN_SK,2006,0.693521,0.17317,0.133308
CAN_SK,2007,0.671917,0.206768,0.121315
CAN_SK,2008,0.666688,0.196695,0.136617
CAN_SK,2009,0.699663,0.174057,0.12628
CAN_SK,2010,0.707218,0.165666,0.127115
CAN_SK,2011,0.709643,0.176638,0.113719
CAN_SK,2012,0.712087,0.189649,0.098263
CAN_SK,2013,0.73065,0.180565,0.088786
CAN_SK,2014,0.741414,0.171398,0.087188
CAN_SK,2015,0.701494,0.174263,0.124244
CAN_SK,2016,0.662027,0.178048,0.159925
CAN_SK,2017,0.680465,0.169863,0.149673
CAN_SK,2018,0.696867,0.159641,0.143492
CAN_SK,2019,0.725009,0.152077,0.122914
CAN_SK,2020,0.671135,0.187906,0.140959
CAN_SK,2021,0.61765,0.228348,0.154002
CAN_SK,2022,0.633453,0.215627,0.15092
CAN_SK,2023,0.678114,0.17711,0.144775
CAN_SK,2024,0.682044,0.173608,0.144348
