region,year,corporate_tax_rate,personal_income_tax_rate,sales_tax_rate
CAN_AB,2007,0.226832,0.194321,0.039971
CAN_AB,2008,0.238418,0.187346,0.038882
CAN_AB,2009,0.227333,0.184868,0.037994
CAN_AB,2010,0.235873,0.179171,0.03587
CAN_AB,2011,0.25416,0.175086,0.035272
CAN_AB,2012,0.223458,0.174943,0.035064
CAN_AB,2013,0.251112,0.177496,0.034995
CAN_AB,2014,0.297356,0.177815,0.034768
CAN_AB,2015,0.306045,0.178901,0.034623
CAN_AB,2016,0.3146,0.180719,0.034399
CAN_AB,2017,0.341436,0.180248,0.033955
CAN_AB,2018,0.31548,0.180377,0.03357
CAN_AB,2019,0.239999,0.182106,0.03393
CAN_AB,2020,0.195524,0.184376,0.034527
CAN_AB,2021,0.198857,0.184696,0.035028
CAN_AB,2022,0.20184,0.18653,0.03523
CAN_AB,2023,0.186885,0.187563,0.035622
CAN_AB,2024,0.191985,0.187896,0.035676
CAN_BC,2007,0.249949,0.163191,0.077181
CAN_BC,2008,0.253736,0.159439,0.076541
CAN_BC,2009,0.245819,0.158863,0.076161
CAN_BC,2010,0.249423,0.156988,0.074416
CAN_BC,2011,0.26152,0.154482,0.073557
CAN_BC,2012,0.255749,0.155169,0.073545
CAN_BC,2013,0.264844,0.158153,0.072921
CAN_BC,2014,0.288868,0.160477,0.072637
CAN_BC,2015,0.3042,0.162039,0.073034
CAN_BC,2016,0.320192,0.165856,0.074146
CAN_BC,2017,0.342052,0.167362,0.0742
CAN_BC,2018,0.347162,0.168056,0.074534
CAN_BC,2019,0.346774,0.170249,0.075925
CAN_BC,2020,0.341528,0.174761,0.07649
CAN_BC,2021,0.350458,0.175889,0.077148
CAN_BC,2022,0.371337,0.177078,0.07758
CAN_BC,2023,0.37632,0.179021,0.078363
CAN_BC,2024,0.390748,0.179405,0.077959
CAN_MB,2007,0.148024,0.174238,0.084306
CAN_MB,2008,0.151624,0.171945,0.08385
CAN_MB,2009,0.150851,0.171136,0.083567
CAN_MB,2010,0.156605,0.169564,0.082617
CAN_MB,2011,0.164037,0.168313,0.08365
CAN_MB,2012,0.163935,0.168497,0.084494
CAN_MB,2013,0.171804,0.169985,0.085913
CAN_MB,2014,0.185053,0.172141,0.087217
CAN_MB,2015,0.195103,0.173584,0.088855
CAN_MB,2016,0.20549,0.176793,0.089369
CAN_MB,2017,0.207276,0.179845,0.088651
CAN_MB,2018,0.204819,0.182385,0.087883
CAN_MB,2019,0.209399,0.184528,0.087184
CAN_MB,2020,0.209835,0.186745,0.086108
CAN_MB,2021,0.206552,0.186216,0.085241
CAN_MB,2022,0.21445,0.184203,0.084904
CAN_MB,2023,0.218113,0.183861,0.084763
CAN_MB,2024,0.213941,0.182284,0.084483
CAN_NB,2007,0.157285,0.168501,0.090923
CAN_NB,2008,0.162786,0.163932,0.090622
CAN_NB,2009,0.159539,0.161963,0.090222
CAN_NB,2010,0.171121,0.158834,0.088123
CAN_NB,2011,0.17385,0.155968,0.087063
CAN_NB,2012,0.173614,0.154874,0.087118
CAN_NB,2013,0.175858,0.157656,0.08623
CAN_NB,2014,0.197129,0.160212,0.086808
CAN_NB,2015,0.215344,0.163134,0.089143
CAN_NB,2016,0.227793,0.166344,0.091754
CAN_NB,2017,0.232957,0.169049,0.094185
CAN_NB,2018,0.239901,0.17143,0.096679
CAN_NB,2019,0.248005,0.172811,0.099038
CAN_NB,2020,0.273065,0.175817,0.100946
CAN_NB,2021,0.307467,0.176319,0.103361
CAN_NB,2022,0.359577,0.175648,0.105155
CAN_NB,2023,0.395501,0.175407,0.106536
CAN_NB,2024,0.450972,0.175705,0.107535
CAN_NL,2007,0.070528,0.169931,0.093306
CAN_NL,2008,0.072855,0.166657,0.094672
CAN_NL,2009,0.074985,0.166334,0.094962
CAN_NL,2010,0.081376,0.166099,0.094985
CAN_NL,2011,0.085783,0.166146,0.094298
CAN_NL,2012,0.081384,0.169946,0.093382
CAN_NL,2013,0.088795,0.175499,0.091398
CAN_NL,2014,0.10146,0.181228,0.091404
CAN_NL,2015,0.113394,0.187483,0.09301
CAN_NL,2016,0.125649,0.194255,0.096217
CAN_NL,2017,0.133884,0.198315,0.099114
CAN_NL,2018,0.139126,0.202181,0.101813
CAN_NL,2019,0.139084,0.203107,0.104182
CAN_NL,2020,0.132144,0.205842,0.10501
CAN_NL,2021,0.135429,0.205354,0.10458
CAN_NL,2022,0.142185,0.205002,0.104443
CAN_NL,2023,0.136079,0.204886,0.104903
CAN_NL,2024,0.128348,0.206474,0.104245
CAN_NS,2007,0.295548,0.174376,0.085703
CAN_NS,2008,0.297848,0.171875,0.087139
CAN_NS,2009,0.305044,0.17129,0.088264
CAN_NS,2010,0.330055,0.170523,0.088654
CAN_NS,2011,0.382037,0.169331,0.090353
CAN_NS,2012,0.388915,0.169247,0.091047
CAN_NS,2013,0.427555,0.172106,0.090736
CAN_NS,2014,0.465884,0.174396,0.090518
CAN_NS,2015,0.466682,0.17711,0.090922
CAN_NS,2016,0.47117,0.180734,0.091216
CAN_NS,2017,0.447953,0.183776,0.091982
CAN_NS,2018,0.414172,0.186872,0.092826
CAN_NS,2019,0.388526,0.190323,0.094712
CAN_NS,2020,0.383425,0.194178,0.096831
CAN_NS,2021,0.379207,0.196542,0.099165
CAN_NS,2022,0.382229,0.198566,0.100224
CAN_NS,2023,0.393134,0.199424,0.101446
CAN_NS,2024,0.401074,0.199979,0.101823
CAN_ON,2007,0.309989,0.187779,0.084448
CAN_ON,2008,0.295153,0.182626,0.085063
CAN_ON,2009,0.287572,0.18031,0.085541
CAN_ON,2010,0.276981,0.175994,0.085261
CAN_ON,2011,0.272627,0.172272,0.085888
CAN_ON,2012,0.263669,0.172049,0.086575
CAN_ON,2013,0.267752,0.174743,0.087317
CAN_ON,2014,0.278191,0.176956,0.087975
CAN_ON,2015,0.295829,0.179079,0.089049
CAN_ON,2016,0.314283,0.182408,0.090155
CAN_ON,2017,0.327242,0.185175,0.090287
CAN_ON,2018,0.334674,0.189344,0.09073
CAN_ON,2019,0.350557,0.194418,0.093028
CAN_ON,2020,0.365085,0.197849,0.094663
CAN_ON,2021,0.369021,0.200167,0.097192
CAN_ON,2022,0.378195,0.202265,0.099647
CAN_ON,2023,0.3904,0.20246,0.101078
CAN_ON,2024,0.393042,0.201136,0.100977
CAN_PE,2007,0.210063,0.1644,0.093285
CAN_PE,2008,0.201439,0.161321,0.092382
CAN_PE,2009,0.192809,0.161498,0.091681
CAN_PE,2010,0.182597,0.160701,0.089624
CAN_PE,2011,0.18299,0.161049,0.089507
CAN_PE,2012,0.181366,0.162369,0.088851
CAN_PE,2013,0.182776,0.166316,0.08887
CAN_PE,2014,0.197004,0.168518,0.089764
CAN_PE,2015,0.202668,0.170704,0.092911
CAN_PE,2016,0.212222,0.174293,0.095587
CAN_PE,2017,0.211813,0.176708,0.097868
CAN_PE,2018,0.2063,0.179885,0.100346
CAN_PE,2019,0.207761,0.183673,0.103501
CAN_PE,2020,0.218709,0.187322,0.105383
CAN_PE,2021,0.228146,0.187019,0.10831
CAN_PE,2022,0.242314,0.186257,0.111774
CAN_PE,2023,0.258117,0.185818,0.113502
CAN_PE,2024,0.268871,0.184266,0.114826
CAN_QC,2007,0.248535,0.194138,0.08608
CAN_QC,2008,0.251386,0.191544,0.085324
CAN_QC,2009,0.255445,0.190841,0.08627
CAN_QC,2010,0.265455,0.188234,0.087326
CAN_QC,2011,0.272736,0.187413,0.089638
CAN_QC,2012,0.270365,0.187921,0.091725
CAN_QC,2013,0.272322,0.189324,0.094263
CAN_QC,2014,0.280849,0.18997,0.095479
CAN_QC,2015,0.287942,0.189842,0.096292
CAN_QC,2016,0.302832,0.191031,0.097422
CAN_QC,2017,0.314475,0.192296,0.098496
CAN_QC,2018,0.315663,0.19459,0.099272
CAN_QC,2019,0.325208,0.197816,0.101728
CAN_QC,2020,0.342776,0.201442,0.103706
CAN_QC,2021,0.342963,0.202506,0.104806
CAN_QC,2022,0.343019,0.2028,0.105426
CAN_QC,2023,0.354811,0.202892,0.106411
CAN_QC,2024,0.356357,0.201781,0.105943
CAN_SK,2007,0.109626,0.170002,0.075645
CAN_SK,2008,0.115527,0.165635,0.075459
CAN_SK,2009,0.110774,0.16371,0.075327
CAN_SK,2010,0.11047,0.161087,0.07441
CAN_SK,2011,0.114927,0.160711,0.074652
CAN_SK,2012,0.114452,0.160566,0.074671
CAN_SK,2013,0.121286,0.161604,0.073727
CAN_SK,2014,0.138373,0.162594,0.072065
CAN_SK,2015,0.151208,0.162175,0.073874
CAN_SK,2016,0.164677,0.16294,0.076674
CAN_SK,2017,0.166923,0.162545,0.080137
CAN_SK,2018,0.168373,0.163138,0.083984
CAN_SK,2019,0.165633,0.164639,0.089218
CAN_SK,2020,0.153158,0.165776,0.091338
CAN_SK,2021,0.147126,0.16673,0.093115
CAN_SK,2022,0.143251,0.16813,0.094635
CAN_SK,2023,0.137831,0.1692,0.0955
CAN_SK,2024,0.129637,0.169012,0.096059
